word_count,estimated_duration,duration_diff,hook_word_count,hook_has_question,hook_curiosity_score,cta_present,question_count,number_count,emotional_density,avg_sentence_len,has_listicle,line_count,you_count,urgency_score,script_text,target_score,viral_label
40.0,16.0,14.0,13.0,0.0,1.0,1.0,0.0,5.0,2.5,10.0,0.0,2.0,1.0,0.0,"The 50/30/20 budgeting rule is failing in 2026, do this instead!
Look at this luxury setup with modular kitchen and balcony. Located 10 mins from IT park. Comment 'HOME' below and I will DM you the direct tour!",80.45,1
28.0,11.2,18.8,10.0,1.0,0.0,0.0,0.0,0.0,0.0,7.0,0.0,2.0,2.0,0.0,"This is a flat in city center call for details.
It has nice rooms and good lighting. Hope you guys like it. Let me know what you think.",47.59,0
40.0,16.0,14.0,13.0,0.0,1.0,1.0,0.0,5.0,2.5,10.0,0.0,2.0,1.0,0.0,"The 50/30/20 budgeting rule is failing in 2026, do this instead!
Look at this luxury setup with modular kitchen and balcony. Located 10 mins from IT park. Comment 'HOME' below and I will DM you the direct tour!",92.18,1
28.0,11.2,18.8,10.0,0.0,0.0,1.0,0.0,0.0,0.0,7.0,0.0,2.0,2.0,0.0,"Hey friends check out this new app I downloaded yesterday.
It has nice rooms and good lighting. Hope you guys like it. Let me know what you think.",60.08,0
40.0,16.0,14.0,13.0,0.0,1.0,1.0,0.0,2.0,5.0,10.0,0.0,2.0,2.0,1.0,"Stop scrolling if you have ₹50 Lakhs budget and want a dream home!
Look at this luxury setup with modular kitchen and balcony. Located 10 mins from IT park. Comment 'HOME' below and I will DM you the direct tour!",81.69,1
30.0,12.0,18.0,13.0,0.0,0.0,1.0,0.0,0.0,0.0,10.0,0.0,2.0,3.0,1.0,"Today I am sharing some random tips on how to improve your life.
Thank you for watching this video. Do not forget to like and share if you enjoyed it.",60.47,0
35.0,14.0,16.0,11.0,1.0,0.0,1.0,0.0,4.0,0.0,8.75,1.0,2.0,1.0,0.0,"How I built a Shopify brand with ₹0 in inventory costs!
Number 1 tool generates pitch decks in 30 seconds. Number 2 creates realistic AI voices. Comment 'AI' for direct links sent to your inbox!",92.89,1
27.0,10.8,19.2,10.0,0.0,0.0,1.0,0.0,0.0,0.0,9.0,0.0,2.0,1.0,0.0,"Hey friends check out this new app I downloaded yesterday.
It is very important to manage your time and work hard every day. Subscribe for more videos.",47.49,0
35.0,14.0,16.0,11.0,1.0,0.0,1.0,0.0,7.0,0.0,11.666666666666666,0.0,2.0,0.0,1.0,"How I built a Shopify brand with ₹0 in inventory costs!
Instead of 50/30/20, use 40% for essentials, 30% invested immediately, and 30% for skills. Save this reel and share with a friend!",94.57,1
32.0,12.8,17.2,14.0,0.0,0.0,0.0,0.0,0.0,0.0,8.0,0.0,2.0,2.0,1.0,"Hello guys welcome back to my channel today we will talk about real estate.
It has nice rooms and good lighting. Hope you guys like it. Let me know what you think.",63.74,0
35.0,14.0,16.0,11.0,0.0,1.0,1.0,0.0,8.0,0.0,11.666666666666666,0.0,2.0,0.0,1.0,"90% of people make this 1 huge mistake with their resume!
Instead of 50/30/20, use 40% for essentials, 30% invested immediately, and 30% for skills. Save this reel and share with a friend!",82.8,1
28.0,11.2,18.8,10.0,1.0,0.0,0.0,0.0,0.0,0.0,7.0,0.0,2.0,2.0,0.0,"This is a flat in city center call for details.
It has nice rooms and good lighting. Hope you guys like it. Let me know what you think.",43.15,0
37.0,14.8,15.2,13.0,0.0,1.0,1.0,0.0,7.0,2.7027027027027026,12.333333333333334,0.0,2.0,1.0,2.0,"Stop scrolling if you have ₹50 Lakhs budget and want a dream home!
Instead of 50/30/20, use 40% for essentials, 30% invested immediately, and 30% for skills. Save this reel and share with a friend!",95.25,1
27.0,10.8,19.2,10.0,0.0,0.0,1.0,0.0,0.0,0.0,9.0,0.0,2.0,1.0,0.0,"Hey friends check out this new app I downloaded yesterday.
It is very important to manage your time and work hard every day. Subscribe for more videos.",67.44,0
39.0,15.6,14.4,13.0,0.0,1.0,1.0,0.0,7.0,2.564102564102564,9.75,0.0,2.0,1.0,0.0,"The 50/30/20 budgeting rule is failing in 2026, do this instead!
Swap instant oats for 3 whole eggs with spinach. This keeps hunger suppressed for 5 hours. Double tap if you want the 7-day meal plan!",89.65,1
27.0,10.8,19.2,9.0,0.0,0.0,0.0,0.0,0.0,0.0,6.75,0.0,2.0,2.0,0.0,"Just another day working on projects and drinking coffee.
It has nice rooms and good lighting. Hope you guys like it. Let me know what you think.",58.77,0
35.0,14.0,16.0,11.0,0.0,2.0,1.0,0.0,6.0,2.857142857142857,11.666666666666666,0.0,2.0,1.0,1.0,"Secret real estate trick developers don't want you to know!
Instead of 50/30/20, use 40% for essentials, 30% invested immediately, and 30% for skills. Save this reel and share with a friend!",90.39,1
32.0,12.8,17.2,14.0,0.0,0.0,0.0,0.0,0.0,0.0,8.0,0.0,2.0,2.0,1.0,"Hello guys welcome back to my channel today we will talk about real estate.
It has nice rooms and good lighting. Hope you guys like it. Let me know what you think.",62.48,0
35.0,14.0,16.0,11.0,0.0,2.0,1.0,0.0,6.0,2.857142857142857,11.666666666666666,0.0,2.0,1.0,1.0,"Secret real estate trick developers don't want you to know!
Instead of 50/30/20, use 40% for essentials, 30% invested immediately, and 30% for skills. Save this reel and share with a friend!",97.73,1
31.0,12.4,17.6,13.0,0.0,0.0,0.0,0.0,0.0,0.0,7.75,0.0,2.0,3.0,1.0,"Today I am sharing some random tips on how to improve your life.
It has nice rooms and good lighting. Hope you guys like it. Let me know what you think.",52.92,0
35.0,14.0,16.0,4.0,0.0,0.0,1.0,1.0,6.0,0.0,8.75,0.0,2.0,2.0,1.0,"Eating oats every morning? You might be stopping your weight loss!
Instead of 50/30/20, use 40% for essentials, 30% invested immediately, and 30% for skills. Save this reel and share with a friend!",82.93,1
28.0,11.2,18.8,10.0,1.0,0.0,0.0,0.0,0.0,0.0,7.0,0.0,2.0,2.0,0.0,"This is a flat in city center call for details.
It has nice rooms and good lighting. Hope you guys like it. Let me know what you think.",62.79,0
40.0,16.0,14.0,13.0,0.0,1.0,1.0,0.0,5.0,2.5,10.0,0.0,2.0,1.0,0.0,"The 50/30/20 budgeting rule is failing in 2026, do this instead!
Look at this luxury setup with modular kitchen and balcony. Located 10 mins from IT park. Comment 'HOME' below and I will DM you the direct tour!",90.96,1
30.0,12.0,18.0,13.0,0.0,0.0,1.0,0.0,0.0,0.0,10.0,0.0,2.0,3.0,1.0,"Today I am sharing some random tips on how to improve your life.
Thank you for watching this video. Do not forget to like and share if you enjoyed it.",64.79,0
39.0,15.6,14.4,13.0,1.0,2.0,1.0,0.0,5.0,5.128205128205128,9.75,0.0,2.0,1.0,0.0,"Here are 3 secret AI tools that feel illegal to know in 2026!
Swap instant oats for 3 whole eggs with spinach. This keeps hunger suppressed for 5 hours. Double tap if you want the 7-day meal plan!",86.83,1
28.0,11.2,18.8,10.0,0.0,0.0,1.0,0.0,0.0,0.0,7.0,0.0,2.0,2.0,0.0,"Hey friends check out this new app I downloaded yesterday.
It has nice rooms and good lighting. Hope you guys like it. Let me know what you think.",63.28,0
38.0,15.2,14.8,11.0,0.0,2.0,1.0,0.0,1.0,5.263157894736842,9.5,0.0,2.0,2.0,0.0,"Secret real estate trick developers don't want you to know!
Look at this luxury setup with modular kitchen and balcony. Located 10 mins from IT park. Comment 'HOME' below and I will DM you the direct tour!",84.12,1
31.0,12.4,17.6,14.0,0.0,0.0,1.0,0.0,0.0,0.0,10.333333333333334,0.0,2.0,1.0,1.0,"Hello guys welcome back to my channel today we will talk about real estate.
It is very important to manage your time and work hard every day. Subscribe for more videos.",53.64,0
37.0,14.8,15.2,13.0,0.0,1.0,1.0,0.0,4.0,2.7027027027027026,9.25,1.0,2.0,2.0,1.0,"Stop scrolling if you have ₹50 Lakhs budget and want a dream home!
Number 1 tool generates pitch decks in 30 seconds. Number 2 creates realistic AI voices. Comment 'AI' for direct links sent to your inbox!",96.44,1
27.0,10.8,19.2,10.0,0.0,0.0,1.0,0.0,0.0,0.0,9.0,0.0,2.0,2.0,0.0,"Hey friends check out this new app I downloaded yesterday.
Thank you for watching this video. Do not forget to like and share if you enjoyed it.",50.7,0
39.0,15.6,14.4,13.0,0.0,1.0,1.0,0.0,7.0,2.564102564102564,9.75,0.0,2.0,1.0,0.0,"The 50/30/20 budgeting rule is failing in 2026, do this instead!
Swap instant oats for 3 whole eggs with spinach. This keeps hunger suppressed for 5 hours. Double tap if you want the 7-day meal plan!",87.12,1
27.0,10.8,19.2,9.0,0.0,0.0,0.0,0.0,0.0,0.0,6.75,0.0,2.0,2.0,0.0,"Just another day working on projects and drinking coffee.
It has nice rooms and good lighting. Hope you guys like it. Let me know what you think.",49.01,0
37.0,14.8,15.2,13.0,1.0,2.0,1.0,0.0,8.0,2.7027027027027026,12.333333333333334,0.0,2.0,0.0,1.0,"Here are 3 secret AI tools that feel illegal to know in 2026!
Instead of 50/30/20, use 40% for essentials, 30% invested immediately, and 30% for skills. Save this reel and share with a friend!",93.45,1
26.0,10.4,19.6,9.0,0.0,0.0,1.0,0.0,0.0,0.0,8.666666666666666,0.0,2.0,2.0,0.0,"Just another day working on projects and drinking coffee.
Thank you for watching this video. Do not forget to like and share if you enjoyed it.",53.58,0
37.0,14.8,15.2,13.0,1.0,2.0,1.0,0.0,5.0,2.7027027027027026,9.25,1.0,2.0,1.0,0.0,"Here are 3 secret AI tools that feel illegal to know in 2026!
Number 1 tool generates pitch decks in 30 seconds. Number 2 creates realistic AI voices. Comment 'AI' for direct links sent to your inbox!",89.17,1
32.0,12.8,17.2,14.0,0.0,0.0,0.0,0.0,0.0,0.0,8.0,0.0,2.0,2.0,1.0,"Hello guys welcome back to my channel today we will talk about real estate.
It has nice rooms and good lighting. Hope you guys like it. Let me know what you think.",69.28,0
37.0,14.8,15.2,13.0,1.0,2.0,1.0,0.0,5.0,2.7027027027027026,9.25,1.0,2.0,1.0,0.0,"Here are 3 secret AI tools that feel illegal to know in 2026!
Number 1 tool generates pitch decks in 30 seconds. Number 2 creates realistic AI voices. Comment 'AI' for direct links sent to your inbox!",94.26,1
26.0,10.4,19.6,9.0,0.0,0.0,1.0,0.0,0.0,0.0,8.666666666666666,0.0,2.0,2.0,0.0,"Just another day working on projects and drinking coffee.
Thank you for watching this video. Do not forget to like and share if you enjoyed it.",42.16,0
37.0,14.8,15.2,4.0,0.0,0.0,1.0,1.0,3.0,2.7027027027027026,7.4,0.0,2.0,3.0,0.0,"Eating oats every morning? You might be stopping your weight loss!
Swap instant oats for 3 whole eggs with spinach. This keeps hunger suppressed for 5 hours. Double tap if you want the 7-day meal plan!",89.52,1
28.0,11.2,18.8,10.0,0.0,0.0,1.0,0.0,0.0,0.0,7.0,0.0,2.0,2.0,0.0,"Hey friends check out this new app I downloaded yesterday.
It has nice rooms and good lighting. Hope you guys like it. Let me know what you think.",63.13,0
37.0,14.8,15.2,13.0,0.0,1.0,1.0,0.0,7.0,2.7027027027027026,12.333333333333334,0.0,2.0,1.0,2.0,"Stop scrolling if you have ₹50 Lakhs budget and want a dream home!
Instead of 50/30/20, use 40% for essentials, 30% invested immediately, and 30% for skills. Save this reel and share with a friend!",93.83,1
28.0,11.2,18.8,10.0,1.0,0.0,0.0,0.0,0.0,0.0,7.0,0.0,2.0,2.0,0.0,"This is a flat in city center call for details.
It has nice rooms and good lighting. Hope you guys like it. Let me know what you think.",49.98,0
39.0,15.6,14.4,13.0,1.0,2.0,1.0,0.0,5.0,5.128205128205128,9.75,0.0,2.0,1.0,0.0,"Here are 3 secret AI tools that feel illegal to know in 2026!
Swap instant oats for 3 whole eggs with spinach. This keeps hunger suppressed for 5 hours. Double tap if you want the 7-day meal plan!",80.06,1
27.0,10.8,19.2,10.0,1.0,0.0,1.0,0.0,0.0,0.0,9.0,0.0,2.0,2.0,0.0,"This is a flat in city center call for details.
Thank you for watching this video. Do not forget to like and share if you enjoyed it.",65.91,0
38.0,15.2,14.8,11.0,1.0,0.0,1.0,0.0,2.0,2.631578947368421,9.5,0.0,2.0,1.0,0.0,"How I built a Shopify brand with ₹0 in inventory costs!
Look at this luxury setup with modular kitchen and balcony. Located 10 mins from IT park. Comment 'HOME' below and I will DM you the direct tour!",95.67,1
27.0,10.8,19.2,10.0,1.0,0.0,1.0,0.0,0.0,0.0,9.0,0.0,2.0,2.0,0.0,"This is a flat in city center call for details.
Thank you for watching this video. Do not forget to like and share if you enjoyed it.",57.26,0
37.0,14.8,15.2,13.0,1.0,2.0,1.0,0.0,5.0,2.7027027027027026,9.25,1.0,2.0,1.0,0.0,"Here are 3 secret AI tools that feel illegal to know in 2026!
Number 1 tool generates pitch decks in 30 seconds. Number 2 creates realistic AI voices. Comment 'AI' for direct links sent to your inbox!",86.73,1
30.0,12.0,18.0,13.0,0.0,0.0,1.0,0.0,0.0,0.0,10.0,0.0,2.0,3.0,1.0,"Today I am sharing some random tips on how to improve your life.
Thank you for watching this video. Do not forget to like and share if you enjoyed it.",72.42,0
38.0,15.2,14.8,11.0,1.0,0.0,1.0,0.0,2.0,2.631578947368421,9.5,0.0,2.0,1.0,0.0,"How I built a Shopify brand with ₹0 in inventory costs!
Look at this luxury setup with modular kitchen and balcony. Located 10 mins from IT park. Comment 'HOME' below and I will DM you the direct tour!",90.78,1
27.0,10.8,19.2,9.0,0.0,0.0,0.0,0.0,0.0,0.0,6.75,0.0,2.0,2.0,0.0,"Just another day working on projects and drinking coffee.
It has nice rooms and good lighting. Hope you guys like it. Let me know what you think.",43.8,0
35.0,14.0,16.0,11.0,0.0,1.0,1.0,0.0,8.0,0.0,11.666666666666666,0.0,2.0,0.0,1.0,"90% of people make this 1 huge mistake with their resume!
Instead of 50/30/20, use 40% for essentials, 30% invested immediately, and 30% for skills. Save this reel and share with a friend!",84.31,1
30.0,12.0,18.0,13.0,0.0,0.0,1.0,0.0,0.0,0.0,10.0,0.0,2.0,3.0,1.0,"Today I am sharing some random tips on how to improve your life.
Thank you for watching this video. Do not forget to like and share if you enjoyed it.",72.2,0
39.0,15.6,14.4,13.0,0.0,1.0,1.0,0.0,4.0,5.128205128205128,9.75,0.0,2.0,2.0,1.0,"Stop scrolling if you have ₹50 Lakhs budget and want a dream home!
Swap instant oats for 3 whole eggs with spinach. This keeps hunger suppressed for 5 hours. Double tap if you want the 7-day meal plan!",94.69,1
28.0,11.2,18.8,10.0,0.0,0.0,1.0,0.0,0.0,0.0,7.0,0.0,2.0,2.0,0.0,"Hey friends check out this new app I downloaded yesterday.
It has nice rooms and good lighting. Hope you guys like it. Let me know what you think.",44.37,0
35.0,14.0,16.0,4.0,0.0,0.0,1.0,1.0,3.0,0.0,7.0,1.0,2.0,3.0,0.0,"Eating oats every morning? You might be stopping your weight loss!
Number 1 tool generates pitch decks in 30 seconds. Number 2 creates realistic AI voices. Comment 'AI' for direct links sent to your inbox!",84.77,1
27.0,10.8,19.2,10.0,0.0,0.0,1.0,0.0,0.0,0.0,9.0,0.0,2.0,1.0,0.0,"Hey friends check out this new app I downloaded yesterday.
It is very important to manage your time and work hard every day. Subscribe for more videos.",72.79,0
35.0,14.0,16.0,11.0,1.0,0.0,1.0,0.0,4.0,0.0,8.75,1.0,2.0,1.0,0.0,"How I built a Shopify brand with ₹0 in inventory costs!
Number 1 tool generates pitch decks in 30 seconds. Number 2 creates realistic AI voices. Comment 'AI' for direct links sent to your inbox!",92.83,1
26.0,10.4,19.6,9.0,0.0,0.0,1.0,0.0,0.0,0.0,8.666666666666666,0.0,2.0,2.0,0.0,"Just another day working on projects and drinking coffee.
Thank you for watching this video. Do not forget to like and share if you enjoyed it.",62.1,0
37.0,14.8,15.2,4.0,0.0,0.0,1.0,1.0,3.0,2.7027027027027026,7.4,0.0,2.0,3.0,0.0,"Eating oats every morning? You might be stopping your weight loss!
Swap instant oats for 3 whole eggs with spinach. This keeps hunger suppressed for 5 hours. Double tap if you want the 7-day meal plan!",82.18,1
31.0,12.4,17.6,13.0,0.0,0.0,0.0,0.0,0.0,0.0,7.75,0.0,2.0,3.0,1.0,"Today I am sharing some random tips on how to improve your life.
It has nice rooms and good lighting. Hope you guys like it. Let me know what you think.",51.49,0
35.0,14.0,16.0,11.0,1.0,0.0,1.0,0.0,4.0,0.0,8.75,1.0,2.0,1.0,0.0,"How I built a Shopify brand with ₹0 in inventory costs!
Number 1 tool generates pitch decks in 30 seconds. Number 2 creates realistic AI voices. Comment 'AI' for direct links sent to your inbox!",90.59,1
32.0,12.8,17.2,14.0,0.0,0.0,0.0,0.0,0.0,0.0,8.0,0.0,2.0,2.0,1.0,"Hello guys welcome back to my channel today we will talk about real estate.
It has nice rooms and good lighting. Hope you guys like it. Let me know what you think.",64.07,0
37.0,14.8,15.2,13.0,0.0,1.0,1.0,0.0,4.0,2.7027027027027026,9.25,1.0,2.0,2.0,1.0,"Stop scrolling if you have ₹50 Lakhs budget and want a dream home!
Number 1 tool generates pitch decks in 30 seconds. Number 2 creates realistic AI voices. Comment 'AI' for direct links sent to your inbox!",81.21,1
31.0,12.4,17.6,14.0,0.0,0.0,1.0,0.0,0.0,0.0,10.333333333333334,0.0,2.0,1.0,1.0,"Hello guys welcome back to my channel today we will talk about real estate.
It is very important to manage your time and work hard every day. Subscribe for more videos.",42.41,0
37.0,14.8,15.2,13.0,1.0,2.0,1.0,0.0,8.0,2.7027027027027026,12.333333333333334,0.0,2.0,0.0,1.0,"Here are 3 secret AI tools that feel illegal to know in 2026!
Instead of 50/30/20, use 40% for essentials, 30% invested immediately, and 30% for skills. Save this reel and share with a friend!",92.04,1
30.0,12.0,18.0,13.0,0.0,0.0,1.0,0.0,0.0,0.0,10.0,0.0,2.0,3.0,1.0,"Today I am sharing some random tips on how to improve your life.
Thank you for watching this video. Do not forget to like and share if you enjoyed it.",44.5,0
37.0,14.8,15.2,11.0,1.0,0.0,1.0,0.0,4.0,2.7027027027027026,9.25,0.0,2.0,1.0,0.0,"How I built a Shopify brand with ₹0 in inventory costs!
Swap instant oats for 3 whole eggs with spinach. This keeps hunger suppressed for 5 hours. Double tap if you want the 7-day meal plan!",84.37,1
26.0,10.4,19.6,9.0,0.0,0.0,1.0,0.0,0.0,0.0,8.666666666666666,0.0,2.0,1.0,0.0,"Just another day working on projects and drinking coffee.
It is very important to manage your time and work hard every day. Subscribe for more videos.",46.47,0
39.0,15.6,14.4,13.0,0.0,1.0,1.0,0.0,4.0,5.128205128205128,9.75,0.0,2.0,2.0,1.0,"Stop scrolling if you have ₹50 Lakhs budget and want a dream home!
Swap instant oats for 3 whole eggs with spinach. This keeps hunger suppressed for 5 hours. Double tap if you want the 7-day meal plan!",86.38,1
26.0,10.4,19.6,9.0,0.0,0.0,1.0,0.0,0.0,0.0,8.666666666666666,0.0,2.0,1.0,0.0,"Just another day working on projects and drinking coffee.
It is very important to manage your time and work hard every day. Subscribe for more videos.",69.37,0
40.0,16.0,14.0,13.0,0.0,1.0,1.0,0.0,2.0,5.0,10.0,0.0,2.0,2.0,1.0,"Stop scrolling if you have ₹50 Lakhs budget and want a dream home!
Look at this luxury setup with modular kitchen and balcony. Located 10 mins from IT park. Comment 'HOME' below and I will DM you the direct tour!",81.09,1
28.0,11.2,18.8,10.0,1.0,0.0,0.0,0.0,0.0,0.0,7.0,0.0,2.0,2.0,0.0,"This is a flat in city center call for details.
It has nice rooms and good lighting. Hope you guys like it. Let me know what you think.",48.45,0
39.0,15.6,14.4,13.0,1.0,2.0,1.0,0.0,5.0,5.128205128205128,9.75,0.0,2.0,1.0,0.0,"Here are 3 secret AI tools that feel illegal to know in 2026!
Swap instant oats for 3 whole eggs with spinach. This keeps hunger suppressed for 5 hours. Double tap if you want the 7-day meal plan!",82.52,1
30.0,12.0,18.0,13.0,0.0,0.0,1.0,0.0,0.0,0.0,10.0,0.0,2.0,2.0,1.0,"Today I am sharing some random tips on how to improve your life.
It is very important to manage your time and work hard every day. Subscribe for more videos.",55.73,0
38.0,15.2,14.8,11.0,0.0,2.0,1.0,0.0,1.0,5.263157894736842,9.5,0.0,2.0,2.0,0.0,"Secret real estate trick developers don't want you to know!
Look at this luxury setup with modular kitchen and balcony. Located 10 mins from IT park. Comment 'HOME' below and I will DM you the direct tour!",87.98,1
28.0,11.2,18.8,10.0,0.0,0.0,1.0,0.0,0.0,0.0,7.0,0.0,2.0,2.0,0.0,"Hey friends check out this new app I downloaded yesterday.
It has nice rooms and good lighting. Hope you guys like it. Let me know what you think.",41.72,0
38.0,15.2,14.8,11.0,1.0,0.0,1.0,0.0,2.0,2.631578947368421,9.5,0.0,2.0,1.0,0.0,"How I built a Shopify brand with ₹0 in inventory costs!
Look at this luxury setup with modular kitchen and balcony. Located 10 mins from IT park. Comment 'HOME' below and I will DM you the direct tour!",97.44,1
31.0,12.4,17.6,13.0,0.0,0.0,0.0,0.0,0.0,0.0,7.75,0.0,2.0,3.0,1.0,"Today I am sharing some random tips on how to improve your life.
It has nice rooms and good lighting. Hope you guys like it. Let me know what you think.",53.82,0
35.0,14.0,16.0,4.0,0.0,0.0,1.0,1.0,3.0,0.0,7.0,1.0,2.0,3.0,0.0,"Eating oats every morning? You might be stopping your weight loss!
Number 1 tool generates pitch decks in 30 seconds. Number 2 creates realistic AI voices. Comment 'AI' for direct links sent to your inbox!",95.56,1
32.0,12.8,17.2,14.0,0.0,0.0,0.0,0.0,0.0,0.0,8.0,0.0,2.0,2.0,1.0,"Hello guys welcome back to my channel today we will talk about real estate.
It has nice rooms and good lighting. Hope you guys like it. Let me know what you think.",52.89,0
35.0,14.0,16.0,4.0,0.0,0.0,1.0,1.0,6.0,0.0,8.75,0.0,2.0,2.0,1.0,"Eating oats every morning? You might be stopping your weight loss!
Instead of 50/30/20, use 40% for essentials, 30% invested immediately, and 30% for skills. Save this reel and share with a friend!",96.68,1
26.0,10.4,19.6,9.0,0.0,0.0,1.0,0.0,0.0,0.0,8.666666666666666,0.0,2.0,1.0,0.0,"Just another day working on projects and drinking coffee.
It is very important to manage your time and work hard every day. Subscribe for more videos.",54.38,0
39.0,15.6,14.4,13.0,0.0,1.0,1.0,0.0,7.0,2.564102564102564,9.75,0.0,2.0,1.0,0.0,"The 50/30/20 budgeting rule is failing in 2026, do this instead!
Swap instant oats for 3 whole eggs with spinach. This keeps hunger suppressed for 5 hours. Double tap if you want the 7-day meal plan!",82.79,1
28.0,11.2,18.8,10.0,1.0,0.0,0.0,0.0,0.0,0.0,7.0,0.0,2.0,2.0,0.0,"This is a flat in city center call for details.
It has nice rooms and good lighting. Hope you guys like it. Let me know what you think.",72.94,0
38.0,15.2,14.8,11.0,1.0,0.0,1.0,0.0,2.0,2.631578947368421,9.5,0.0,2.0,1.0,0.0,"How I built a Shopify brand with ₹0 in inventory costs!
Look at this luxury setup with modular kitchen and balcony. Located 10 mins from IT park. Comment 'HOME' below and I will DM you the direct tour!",93.46,1
32.0,12.8,17.2,14.0,0.0,0.0,0.0,0.0,0.0,0.0,8.0,0.0,2.0,2.0,1.0,"Hello guys welcome back to my channel today we will talk about real estate.
It has nice rooms and good lighting. Hope you guys like it. Let me know what you think.",59.86,0
35.0,14.0,16.0,11.0,1.0,0.0,1.0,0.0,4.0,0.0,8.75,1.0,2.0,1.0,0.0,"How I built a Shopify brand with ₹0 in inventory costs!
Number 1 tool generates pitch decks in 30 seconds. Number 2 creates realistic AI voices. Comment 'AI' for direct links sent to your inbox!",81.02,1
28.0,11.2,18.8,10.0,0.0,0.0,1.0,0.0,0.0,0.0,7.0,0.0,2.0,2.0,0.0,"Hey friends check out this new app I downloaded yesterday.
It has nice rooms and good lighting. Hope you guys like it. Let me know what you think.",68.95,0
40.0,16.0,14.0,13.0,0.0,1.0,1.0,0.0,2.0,5.0,10.0,0.0,2.0,2.0,1.0,"Stop scrolling if you have ₹50 Lakhs budget and want a dream home!
Look at this luxury setup with modular kitchen and balcony. Located 10 mins from IT park. Comment 'HOME' below and I will DM you the direct tour!",92.15,1
30.0,12.0,18.0,13.0,0.0,0.0,1.0,0.0,0.0,0.0,10.0,0.0,2.0,2.0,1.0,"Today I am sharing some random tips on how to improve your life.
It is very important to manage your time and work hard every day. Subscribe for more videos.",44.08,0
35.0,14.0,16.0,11.0,1.0,0.0,1.0,0.0,4.0,0.0,8.75,1.0,2.0,1.0,0.0,"How I built a Shopify brand with ₹0 in inventory costs!
Number 1 tool generates pitch decks in 30 seconds. Number 2 creates realistic AI voices. Comment 'AI' for direct links sent to your inbox!",90.42,1
31.0,12.4,17.6,14.0,0.0,0.0,1.0,0.0,0.0,0.0,10.333333333333334,0.0,2.0,2.0,1.0,"Hello guys welcome back to my channel today we will talk about real estate.
Thank you for watching this video. Do not forget to like and share if you enjoyed it.",42.79,0
37.0,14.8,15.2,13.0,0.0,1.0,1.0,0.0,10.0,0.0,12.333333333333334,0.0,2.0,0.0,1.0,"The 50/30/20 budgeting rule is failing in 2026, do this instead!
Instead of 50/30/20, use 40% for essentials, 30% invested immediately, and 30% for skills. Save this reel and share with a friend!",96.82,1
30.0,12.0,18.0,13.0,0.0,0.0,1.0,0.0,0.0,0.0,10.0,0.0,2.0,3.0,1.0,"Today I am sharing some random tips on how to improve your life.
Thank you for watching this video. Do not forget to like and share if you enjoyed it.",64.35,0
37.0,14.8,15.2,13.0,1.0,2.0,1.0,0.0,8.0,2.7027027027027026,12.333333333333334,0.0,2.0,0.0,1.0,"Here are 3 secret AI tools that feel illegal to know in 2026!
Instead of 50/30/20, use 40% for essentials, 30% invested immediately, and 30% for skills. Save this reel and share with a friend!",87.12,1
27.0,10.8,19.2,10.0,1.0,0.0,1.0,0.0,0.0,0.0,9.0,0.0,2.0,1.0,0.0,"This is a flat in city center call for details.
It is very important to manage your time and work hard every day. Subscribe for more videos.",50.75,0
38.0,15.2,14.8,11.0,0.0,2.0,1.0,0.0,1.0,5.263157894736842,9.5,0.0,2.0,2.0,0.0,"Secret real estate trick developers don't want you to know!
Look at this luxury setup with modular kitchen and balcony. Located 10 mins from IT park. Comment 'HOME' below and I will DM you the direct tour!",80.17,1
27.0,10.8,19.2,10.0,0.0,0.0,1.0,0.0,0.0,0.0,9.0,0.0,2.0,2.0,0.0,"Hey friends check out this new app I downloaded yesterday.
Thank you for watching this video. Do not forget to like and share if you enjoyed it.",73.87,0
37.0,14.8,15.2,13.0,0.0,1.0,1.0,0.0,4.0,2.7027027027027026,9.25,1.0,2.0,2.0,1.0,"Stop scrolling if you have ₹50 Lakhs budget and want a dream home!
Number 1 tool generates pitch decks in 30 seconds. Number 2 creates realistic AI voices. Comment 'AI' for direct links sent to your inbox!",89.11,1
30.0,12.0,18.0,13.0,0.0,0.0,1.0,0.0,0.0,0.0,10.0,0.0,2.0,2.0,1.0,"Today I am sharing some random tips on how to improve your life.
It is very important to manage your time and work hard every day. Subscribe for more videos.",69.95,0
37.0,14.8,15.2,13.0,1.0,2.0,1.0,0.0,8.0,2.7027027027027026,12.333333333333334,0.0,2.0,0.0,1.0,"Here are 3 secret AI tools that feel illegal to know in 2026!
Instead of 50/30/20, use 40% for essentials, 30% invested immediately, and 30% for skills. Save this reel and share with a friend!",85.13,1
26.0,10.4,19.6,9.0,0.0,0.0,1.0,0.0,0.0,0.0,8.666666666666666,0.0,2.0,2.0,0.0,"Just another day working on projects and drinking coffee.
Thank you for watching this video. Do not forget to like and share if you enjoyed it.",63.92,0
38.0,15.2,14.8,11.0,1.0,0.0,1.0,0.0,2.0,2.631578947368421,9.5,0.0,2.0,1.0,0.0,"How I built a Shopify brand with ₹0 in inventory costs!
Look at this luxury setup with modular kitchen and balcony. Located 10 mins from IT park. Comment 'HOME' below and I will DM you the direct tour!",92.02,1
27.0,10.8,19.2,10.0,0.0,0.0,1.0,0.0,0.0,0.0,9.0,0.0,2.0,1.0,0.0,"Hey friends check out this new app I downloaded yesterday.
It is very important to manage your time and work hard every day. Subscribe for more videos.",71.68,0
37.0,14.8,15.2,13.0,0.0,1.0,1.0,0.0,4.0,2.7027027027027026,9.25,1.0,2.0,2.0,1.0,"Stop scrolling if you have ₹50 Lakhs budget and want a dream home!
Number 1 tool generates pitch decks in 30 seconds. Number 2 creates realistic AI voices. Comment 'AI' for direct links sent to your inbox!",84.76,1
31.0,12.4,17.6,14.0,0.0,0.0,1.0,0.0,0.0,0.0,10.333333333333334,0.0,2.0,2.0,1.0,"Hello guys welcome back to my channel today we will talk about real estate.
Thank you for watching this video. Do not forget to like and share if you enjoyed it.",58.81,0
35.0,14.0,16.0,11.0,0.0,1.0,1.0,0.0,8.0,0.0,11.666666666666666,0.0,2.0,0.0,1.0,"90% of people make this 1 huge mistake with their resume!
Instead of 50/30/20, use 40% for essentials, 30% invested immediately, and 30% for skills. Save this reel and share with a friend!",90.89,1
28.0,11.2,18.8,10.0,1.0,0.0,0.0,0.0,0.0,0.0,7.0,0.0,2.0,2.0,0.0,"This is a flat in city center call for details.
It has nice rooms and good lighting. Hope you guys like it. Let me know what you think.",63.37,0
35.0,14.0,16.0,11.0,0.0,2.0,1.0,0.0,6.0,2.857142857142857,11.666666666666666,0.0,2.0,1.0,1.0,"Secret real estate trick developers don't want you to know!
Instead of 50/30/20, use 40% for essentials, 30% invested immediately, and 30% for skills. Save this reel and share with a friend!",89.1,1
28.0,11.2,18.8,10.0,1.0,0.0,0.0,0.0,0.0,0.0,7.0,0.0,2.0,2.0,0.0,"This is a flat in city center call for details.
It has nice rooms and good lighting. Hope you guys like it. Let me know what you think.",43.14,0
35.0,14.0,16.0,4.0,0.0,0.0,1.0,1.0,6.0,0.0,8.75,0.0,2.0,2.0,1.0,"Eating oats every morning? You might be stopping your weight loss!
Instead of 50/30/20, use 40% for essentials, 30% invested immediately, and 30% for skills. Save this reel and share with a friend!",80.79,1
28.0,11.2,18.8,10.0,1.0,0.0,0.0,0.0,0.0,0.0,7.0,0.0,2.0,2.0,0.0,"This is a flat in city center call for details.
It has nice rooms and good lighting. Hope you guys like it. Let me know what you think.",61.66,0
35.0,14.0,16.0,11.0,0.0,1.0,1.0,0.0,5.0,0.0,8.75,1.0,2.0,1.0,0.0,"90% of people make this 1 huge mistake with their resume!
Number 1 tool generates pitch decks in 30 seconds. Number 2 creates realistic AI voices. Comment 'AI' for direct links sent to your inbox!",93.34,1
27.0,10.8,19.2,10.0,0.0,0.0,1.0,0.0,0.0,0.0,9.0,0.0,2.0,2.0,0.0,"Hey friends check out this new app I downloaded yesterday.
Thank you for watching this video. Do not forget to like and share if you enjoyed it.",54.54,0
40.0,16.0,14.0,13.0,0.0,1.0,1.0,0.0,2.0,5.0,10.0,0.0,2.0,2.0,1.0,"Stop scrolling if you have ₹50 Lakhs budget and want a dream home!
Look at this luxury setup with modular kitchen and balcony. Located 10 mins from IT park. Comment 'HOME' below and I will DM you the direct tour!",81.35,1
30.0,12.0,18.0,13.0,0.0,0.0,1.0,0.0,0.0,0.0,10.0,0.0,2.0,3.0,1.0,"Today I am sharing some random tips on how to improve your life.
Thank you for watching this video. Do not forget to like and share if you enjoyed it.",41.22,0
35.0,14.0,16.0,11.0,0.0,1.0,1.0,0.0,5.0,0.0,8.75,1.0,2.0,1.0,0.0,"90% of people make this 1 huge mistake with their resume!
Number 1 tool generates pitch decks in 30 seconds. Number 2 creates realistic AI voices. Comment 'AI' for direct links sent to your inbox!",87.74,1
31.0,12.4,17.6,14.0,0.0,0.0,1.0,0.0,0.0,0.0,10.333333333333334,0.0,2.0,1.0,1.0,"Hello guys welcome back to my channel today we will talk about real estate.
It is very important to manage your time and work hard every day. Subscribe for more videos.",52.4,0
38.0,15.2,14.8,11.0,0.0,2.0,1.0,0.0,1.0,5.263157894736842,9.5,0.0,2.0,2.0,0.0,"Secret real estate trick developers don't want you to know!
Look at this luxury setup with modular kitchen and balcony. Located 10 mins from IT park. Comment 'HOME' below and I will DM you the direct tour!",96.18,1
30.0,12.0,18.0,13.0,0.0,0.0,1.0,0.0,0.0,0.0,10.0,0.0,2.0,3.0,1.0,"Today I am sharing some random tips on how to improve your life.
Thank you for watching this video. Do not forget to like and share if you enjoyed it.",48.48,0
37.0,14.8,15.2,13.0,0.0,1.0,1.0,0.0,7.0,2.7027027027027026,12.333333333333334,0.0,2.0,1.0,2.0,"Stop scrolling if you have ₹50 Lakhs budget and want a dream home!
Instead of 50/30/20, use 40% for essentials, 30% invested immediately, and 30% for skills. Save this reel and share with a friend!",94.04,1
26.0,10.4,19.6,9.0,0.0,0.0,1.0,0.0,0.0,0.0,8.666666666666666,0.0,2.0,2.0,0.0,"Just another day working on projects and drinking coffee.
Thank you for watching this video. Do not forget to like and share if you enjoyed it.",65.48,0
37.0,14.8,15.2,13.0,1.0,2.0,1.0,0.0,5.0,2.7027027027027026,9.25,1.0,2.0,1.0,0.0,"Here are 3 secret AI tools that feel illegal to know in 2026!
Number 1 tool generates pitch decks in 30 seconds. Number 2 creates realistic AI voices. Comment 'AI' for direct links sent to your inbox!",97.57,1
30.0,12.0,18.0,13.0,0.0,0.0,1.0,0.0,0.0,0.0,10.0,0.0,2.0,2.0,1.0,"Today I am sharing some random tips on how to improve your life.
It is very important to manage your time and work hard every day. Subscribe for more videos.",40.84,0
37.0,14.8,15.2,13.0,0.0,1.0,1.0,0.0,10.0,0.0,12.333333333333334,0.0,2.0,0.0,1.0,"The 50/30/20 budgeting rule is failing in 2026, do this instead!
Instead of 50/30/20, use 40% for essentials, 30% invested immediately, and 30% for skills. Save this reel and share with a friend!",94.08,1
26.0,10.4,19.6,9.0,0.0,0.0,1.0,0.0,0.0,0.0,8.666666666666666,0.0,2.0,2.0,0.0,"Just another day working on projects and drinking coffee.
Thank you for watching this video. Do not forget to like and share if you enjoyed it.",69.38,0
35.0,14.0,16.0,11.0,0.0,2.0,1.0,0.0,3.0,2.857142857142857,8.75,1.0,2.0,2.0,0.0,"Secret real estate trick developers don't want you to know!
Number 1 tool generates pitch decks in 30 seconds. Number 2 creates realistic AI voices. Comment 'AI' for direct links sent to your inbox!",84.8,1
31.0,12.4,17.6,14.0,0.0,0.0,1.0,0.0,0.0,0.0,10.333333333333334,0.0,2.0,1.0,1.0,"Hello guys welcome back to my channel today we will talk about real estate.
It is very important to manage your time and work hard every day. Subscribe for more videos.",69.65,0
37.0,14.8,15.2,11.0,0.0,2.0,1.0,0.0,3.0,5.405405405405405,9.25,0.0,2.0,2.0,0.0,"Secret real estate trick developers don't want you to know!
Swap instant oats for 3 whole eggs with spinach. This keeps hunger suppressed for 5 hours. Double tap if you want the 7-day meal plan!",84.0,1
26.0,10.4,19.6,9.0,0.0,0.0,1.0,0.0,0.0,0.0,8.666666666666666,0.0,2.0,1.0,0.0,"Just another day working on projects and drinking coffee.
It is very important to manage your time and work hard every day. Subscribe for more videos.",50.38,0
35.0,14.0,16.0,11.0,0.0,2.0,1.0,0.0,3.0,2.857142857142857,8.75,1.0,2.0,2.0,0.0,"Secret real estate trick developers don't want you to know!
Number 1 tool generates pitch decks in 30 seconds. Number 2 creates realistic AI voices. Comment 'AI' for direct links sent to your inbox!",84.01,1
30.0,12.0,18.0,13.0,0.0,0.0,1.0,0.0,0.0,0.0,10.0,0.0,2.0,2.0,1.0,"Today I am sharing some random tips on how to improve your life.
It is very important to manage your time and work hard every day. Subscribe for more videos.",51.16,0
38.0,15.2,14.8,11.0,0.0,2.0,1.0,0.0,1.0,5.263157894736842,9.5,0.0,2.0,2.0,0.0,"Secret real estate trick developers don't want you to know!
Look at this luxury setup with modular kitchen and balcony. Located 10 mins from IT park. Comment 'HOME' below and I will DM you the direct tour!",97.4,1
27.0,10.8,19.2,10.0,1.0,0.0,1.0,0.0,0.0,0.0,9.0,0.0,2.0,1.0,0.0,"This is a flat in city center call for details.
It is very important to manage your time and work hard every day. Subscribe for more videos.",61.81,0
35.0,14.0,16.0,4.0,0.0,0.0,1.0,1.0,6.0,0.0,8.75,0.0,2.0,2.0,1.0,"Eating oats every morning? You might be stopping your weight loss!
Instead of 50/30/20, use 40% for essentials, 30% invested immediately, and 30% for skills. Save this reel and share with a friend!",96.91,1
31.0,12.4,17.6,14.0,0.0,0.0,1.0,0.0,0.0,0.0,10.333333333333334,0.0,2.0,1.0,1.0,"Hello guys welcome back to my channel today we will talk about real estate.
It is very important to manage your time and work hard every day. Subscribe for more videos.",46.07,0
38.0,15.2,14.8,11.0,0.0,1.0,1.0,0.0,3.0,2.631578947368421,9.5,0.0,2.0,1.0,0.0,"90% of people make this 1 huge mistake with their resume!
Look at this luxury setup with modular kitchen and balcony. Located 10 mins from IT park. Comment 'HOME' below and I will DM you the direct tour!",81.95,1
26.0,10.4,19.6,9.0,0.0,0.0,1.0,0.0,0.0,0.0,8.666666666666666,0.0,2.0,1.0,0.0,"Just another day working on projects and drinking coffee.
It is very important to manage your time and work hard every day. Subscribe for more videos.",64.77,0
37.0,14.8,15.2,11.0,0.0,1.0,1.0,0.0,5.0,2.7027027027027026,9.25,0.0,2.0,1.0,0.0,"90% of people make this 1 huge mistake with their resume!
Swap instant oats for 3 whole eggs with spinach. This keeps hunger suppressed for 5 hours. Double tap if you want the 7-day meal plan!",90.91,1
28.0,11.2,18.8,10.0,0.0,0.0,1.0,0.0,0.0,0.0,7.0,0.0,2.0,2.0,0.0,"Hey friends check out this new app I downloaded yesterday.
It has nice rooms and good lighting. Hope you guys like it. Let me know what you think.",53.1,0
35.0,14.0,16.0,11.0,1.0,0.0,1.0,0.0,4.0,0.0,8.75,1.0,2.0,1.0,0.0,"How I built a Shopify brand with ₹0 in inventory costs!
Number 1 tool generates pitch decks in 30 seconds. Number 2 creates realistic AI voices. Comment 'AI' for direct links sent to your inbox!",84.59,1
27.0,10.8,19.2,9.0,0.0,0.0,0.0,0.0,0.0,0.0,6.75,0.0,2.0,2.0,0.0,"Just another day working on projects and drinking coffee.
It has nice rooms and good lighting. Hope you guys like it. Let me know what you think.",57.68,0
35.0,14.0,16.0,11.0,0.0,2.0,1.0,0.0,3.0,2.857142857142857,8.75,1.0,2.0,2.0,0.0,"Secret real estate trick developers don't want you to know!
Number 1 tool generates pitch decks in 30 seconds. Number 2 creates realistic AI voices. Comment 'AI' for direct links sent to your inbox!",86.56,1
31.0,12.4,17.6,14.0,0.0,0.0,1.0,0.0,0.0,0.0,10.333333333333334,0.0,2.0,2.0,1.0,"Hello guys welcome back to my channel today we will talk about real estate.
Thank you for watching this video. Do not forget to like and share if you enjoyed it.",71.31,0
35.0,14.0,16.0,11.0,1.0,0.0,1.0,0.0,7.0,0.0,11.666666666666666,0.0,2.0,0.0,1.0,"How I built a Shopify brand with ₹0 in inventory costs!
Instead of 50/30/20, use 40% for essentials, 30% invested immediately, and 30% for skills. Save this reel and share with a friend!",91.94,1
31.0,12.4,17.6,14.0,0.0,0.0,1.0,0.0,0.0,0.0,10.333333333333334,0.0,2.0,2.0,1.0,"Hello guys welcome back to my channel today we will talk about real estate.
Thank you for watching this video. Do not forget to like and share if you enjoyed it.",70.6,0
35.0,14.0,16.0,11.0,1.0,0.0,1.0,0.0,7.0,0.0,11.666666666666666,0.0,2.0,0.0,1.0,"How I built a Shopify brand with ₹0 in inventory costs!
Instead of 50/30/20, use 40% for essentials, 30% invested immediately, and 30% for skills. Save this reel and share with a friend!",92.0,1
27.0,10.8,19.2,10.0,1.0,0.0,1.0,0.0,0.0,0.0,9.0,0.0,2.0,1.0,0.0,"This is a flat in city center call for details.
It is very important to manage your time and work hard every day. Subscribe for more videos.",63.71,0
35.0,14.0,16.0,11.0,1.0,0.0,1.0,0.0,4.0,0.0,8.75,1.0,2.0,1.0,0.0,"How I built a Shopify brand with ₹0 in inventory costs!
Number 1 tool generates pitch decks in 30 seconds. Number 2 creates realistic AI voices. Comment 'AI' for direct links sent to your inbox!",83.45,1
26.0,10.4,19.6,9.0,0.0,0.0,1.0,0.0,0.0,0.0,8.666666666666666,0.0,2.0,2.0,0.0,"Just another day working on projects and drinking coffee.
Thank you for watching this video. Do not forget to like and share if you enjoyed it.",65.44,0
37.0,14.8,15.2,13.0,1.0,2.0,1.0,0.0,8.0,2.7027027027027026,12.333333333333334,0.0,2.0,0.0,1.0,"Here are 3 secret AI tools that feel illegal to know in 2026!
Instead of 50/30/20, use 40% for essentials, 30% invested immediately, and 30% for skills. Save this reel and share with a friend!",87.31,1
31.0,12.4,17.6,14.0,0.0,0.0,1.0,0.0,0.0,0.0,10.333333333333334,0.0,2.0,1.0,1.0,"Hello guys welcome back to my channel today we will talk about real estate.
It is very important to manage your time and work hard every day. Subscribe for more videos.",49.76,0
35.0,14.0,16.0,4.0,0.0,0.0,1.0,1.0,6.0,0.0,8.75,0.0,2.0,2.0,1.0,"Eating oats every morning? You might be stopping your weight loss!
Instead of 50/30/20, use 40% for essentials, 30% invested immediately, and 30% for skills. Save this reel and share with a friend!",88.37,1
26.0,10.4,19.6,9.0,0.0,0.0,1.0,0.0,0.0,0.0,8.666666666666666,0.0,2.0,2.0,0.0,"Just another day working on projects and drinking coffee.
Thank you for watching this video. Do not forget to like and share if you enjoyed it.",47.27,0
35.0,14.0,16.0,4.0,0.0,0.0,1.0,1.0,3.0,0.0,7.0,1.0,2.0,3.0,0.0,"Eating oats every morning? You might be stopping your weight loss!
Number 1 tool generates pitch decks in 30 seconds. Number 2 creates realistic AI voices. Comment 'AI' for direct links sent to your inbox!",91.86,1
27.0,10.8,19.2,10.0,1.0,0.0,1.0,0.0,0.0,0.0,9.0,0.0,2.0,2.0,0.0,"This is a flat in city center call for details.
Thank you for watching this video. Do not forget to like and share if you enjoyed it.",62.57,0
35.0,14.0,16.0,11.0,1.0,0.0,1.0,0.0,7.0,0.0,11.666666666666666,0.0,2.0,0.0,1.0,"How I built a Shopify brand with ₹0 in inventory costs!
Instead of 50/30/20, use 40% for essentials, 30% invested immediately, and 30% for skills. Save this reel and share with a friend!",81.68,1
30.0,12.0,18.0,13.0,0.0,0.0,1.0,0.0,0.0,0.0,10.0,0.0,2.0,3.0,1.0,"Today I am sharing some random tips on how to improve your life.
Thank you for watching this video. Do not forget to like and share if you enjoyed it.",50.55,0
35.0,14.0,16.0,11.0,0.0,2.0,1.0,0.0,3.0,2.857142857142857,8.75,1.0,2.0,2.0,0.0,"Secret real estate trick developers don't want you to know!
Number 1 tool generates pitch decks in 30 seconds. Number 2 creates realistic AI voices. Comment 'AI' for direct links sent to your inbox!",82.65,1
32.0,12.8,17.2,14.0,0.0,0.0,0.0,0.0,0.0,0.0,8.0,0.0,2.0,2.0,1.0,"Hello guys welcome back to my channel today we will talk about real estate.
It has nice rooms and good lighting. Hope you guys like it. Let me know what you think.",73.45,0
38.0,15.2,14.8,11.0,1.0,0.0,1.0,0.0,2.0,2.631578947368421,9.5,0.0,2.0,1.0,0.0,"How I built a Shopify brand with ₹0 in inventory costs!
Look at this luxury setup with modular kitchen and balcony. Located 10 mins from IT park. Comment 'HOME' below and I will DM you the direct tour!",88.2,1
28.0,11.2,18.8,10.0,0.0,0.0,1.0,0.0,0.0,0.0,7.0,0.0,2.0,2.0,0.0,"Hey friends check out this new app I downloaded yesterday.
It has nice rooms and good lighting. Hope you guys like it. Let me know what you think.",64.42,0
37.0,14.8,15.2,4.0,0.0,0.0,1.0,1.0,3.0,2.7027027027027026,7.4,0.0,2.0,3.0,0.0,"Eating oats every morning? You might be stopping your weight loss!
Swap instant oats for 3 whole eggs with spinach. This keeps hunger suppressed for 5 hours. Double tap if you want the 7-day meal plan!",87.19,1
30.0,12.0,18.0,13.0,0.0,0.0,1.0,0.0,0.0,0.0,10.0,0.0,2.0,3.0,1.0,"Today I am sharing some random tips on how to improve your life.
Thank you for watching this video. Do not forget to like and share if you enjoyed it.",63.38,0
38.0,15.2,14.8,11.0,0.0,2.0,1.0,0.0,1.0,5.263157894736842,9.5,0.0,2.0,2.0,0.0,"Secret real estate trick developers don't want you to know!
Look at this luxury setup with modular kitchen and balcony. Located 10 mins from IT park. Comment 'HOME' below and I will DM you the direct tour!",94.01,1
31.0,12.4,17.6,13.0,0.0,0.0,0.0,0.0,0.0,0.0,7.75,0.0,2.0,3.0,1.0,"Today I am sharing some random tips on how to improve your life.
It has nice rooms and good lighting. Hope you guys like it. Let me know what you think.",67.34,0
39.0,15.6,14.4,13.0,0.0,1.0,1.0,0.0,7.0,2.564102564102564,9.75,0.0,2.0,1.0,0.0,"The 50/30/20 budgeting rule is failing in 2026, do this instead!
Swap instant oats for 3 whole eggs with spinach. This keeps hunger suppressed for 5 hours. Double tap if you want the 7-day meal plan!",80.9,1
31.0,12.4,17.6,13.0,0.0,0.0,0.0,0.0,0.0,0.0,7.75,0.0,2.0,3.0,1.0,"Today I am sharing some random tips on how to improve your life.
It has nice rooms and good lighting. Hope you guys like it. Let me know what you think.",55.52,0
37.0,14.8,15.2,11.0,0.0,2.0,1.0,0.0,3.0,5.405405405405405,9.25,0.0,2.0,2.0,0.0,"Secret real estate trick developers don't want you to know!
Swap instant oats for 3 whole eggs with spinach. This keeps hunger suppressed for 5 hours. Double tap if you want the 7-day meal plan!",92.02,1
27.0,10.8,19.2,10.0,0.0,0.0,1.0,0.0,0.0,0.0,9.0,0.0,2.0,2.0,0.0,"Hey friends check out this new app I downloaded yesterday.
Thank you for watching this video. Do not forget to like and share if you enjoyed it.",50.79,0
37.0,14.8,15.2,11.0,0.0,2.0,1.0,0.0,3.0,5.405405405405405,9.25,0.0,2.0,2.0,0.0,"Secret real estate trick developers don't want you to know!
Swap instant oats for 3 whole eggs with spinach. This keeps hunger suppressed for 5 hours. Double tap if you want the 7-day meal plan!",91.03,1
27.0,10.8,19.2,10.0,0.0,0.0,1.0,0.0,0.0,0.0,9.0,0.0,2.0,1.0,0.0,"Hey friends check out this new app I downloaded yesterday.
It is very important to manage your time and work hard every day. Subscribe for more videos.",68.24,0
37.0,14.8,15.2,11.0,1.0,0.0,1.0,0.0,4.0,2.7027027027027026,9.25,0.0,2.0,1.0,0.0,"How I built a Shopify brand with ₹0 in inventory costs!
Swap instant oats for 3 whole eggs with spinach. This keeps hunger suppressed for 5 hours. Double tap if you want the 7-day meal plan!",96.15,1
26.0,10.4,19.6,9.0,0.0,0.0,1.0,0.0,0.0,0.0,8.666666666666666,0.0,2.0,1.0,0.0,"Just another day working on projects and drinking coffee.
It is very important to manage your time and work hard every day. Subscribe for more videos.",48.81,0
37.0,14.8,15.2,13.0,1.0,2.0,1.0,0.0,8.0,2.7027027027027026,12.333333333333334,0.0,2.0,0.0,1.0,"Here are 3 secret AI tools that feel illegal to know in 2026!
Instead of 50/30/20, use 40% for essentials, 30% invested immediately, and 30% for skills. Save this reel and share with a friend!",93.78,1
27.0,10.8,19.2,10.0,0.0,0.0,1.0,0.0,0.0,0.0,9.0,0.0,2.0,1.0,0.0,"Hey friends check out this new app I downloaded yesterday.
It is very important to manage your time and work hard every day. Subscribe for more videos.",61.31,0
37.0,14.8,15.2,11.0,0.0,1.0,1.0,0.0,5.0,2.7027027027027026,9.25,0.0,2.0,1.0,0.0,"90% of people make this 1 huge mistake with their resume!
Swap instant oats for 3 whole eggs with spinach. This keeps hunger suppressed for 5 hours. Double tap if you want the 7-day meal plan!",81.39,1
28.0,11.2,18.8,10.0,1.0,0.0,0.0,0.0,0.0,0.0,7.0,0.0,2.0,2.0,0.0,"This is a flat in city center call for details.
It has nice rooms and good lighting. Hope you guys like it. Let me know what you think.",49.24,0
38.0,15.2,14.8,11.0,0.0,1.0,1.0,0.0,3.0,2.631578947368421,9.5,0.0,2.0,1.0,0.0,"90% of people make this 1 huge mistake with their resume!
Look at this luxury setup with modular kitchen and balcony. Located 10 mins from IT park. Comment 'HOME' below and I will DM you the direct tour!",82.49,1
30.0,12.0,18.0,13.0,0.0,0.0,1.0,0.0,0.0,0.0,10.0,0.0,2.0,2.0,1.0,"Today I am sharing some random tips on how to improve your life.
It is very important to manage your time and work hard every day. Subscribe for more videos.",63.59,0
37.0,14.8,15.2,13.0,0.0,1.0,1.0,0.0,7.0,0.0,9.25,1.0,2.0,1.0,0.0,"The 50/30/20 budgeting rule is failing in 2026, do this instead!
Number 1 tool generates pitch decks in 30 seconds. Number 2 creates realistic AI voices. Comment 'AI' for direct links sent to your inbox!",81.16,1
26.0,10.4,19.6,9.0,0.0,0.0,1.0,0.0,0.0,0.0,8.666666666666666,0.0,2.0,1.0,0.0,"Just another day working on projects and drinking coffee.
It is very important to manage your time and work hard every day. Subscribe for more videos.",58.45,0
38.0,15.2,14.8,4.0,0.0,0.0,1.0,1.0,1.0,2.631578947368421,7.6,0.0,2.0,3.0,0.0,"Eating oats every morning? You might be stopping your weight loss!
Look at this luxury setup with modular kitchen and balcony. Located 10 mins from IT park. Comment 'HOME' below and I will DM you the direct tour!",83.72,1
26.0,10.4,19.6,9.0,0.0,0.0,1.0,0.0,0.0,0.0,8.666666666666666,0.0,2.0,1.0,0.0,"Just another day working on projects and drinking coffee.
It is very important to manage your time and work hard every day. Subscribe for more videos.",70.76,0
38.0,15.2,14.8,11.0,1.0,0.0,1.0,0.0,2.0,2.631578947368421,9.5,0.0,2.0,1.0,0.0,"How I built a Shopify brand with ₹0 in inventory costs!
Look at this luxury setup with modular kitchen and balcony. Located 10 mins from IT park. Comment 'HOME' below and I will DM you the direct tour!",95.42,1
27.0,10.8,19.2,10.0,0.0,0.0,1.0,0.0,0.0,0.0,9.0,0.0,2.0,1.0,0.0,"Hey friends check out this new app I downloaded yesterday.
It is very important to manage your time and work hard every day. Subscribe for more videos.",56.22,0
35.0,14.0,16.0,11.0,0.0,1.0,1.0,0.0,8.0,0.0,11.666666666666666,0.0,2.0,0.0,1.0,"90% of people make this 1 huge mistake with their resume!
Instead of 50/30/20, use 40% for essentials, 30% invested immediately, and 30% for skills. Save this reel and share with a friend!",93.56,1
26.0,10.4,19.6,9.0,0.0,0.0,1.0,0.0,0.0,0.0,8.666666666666666,0.0,2.0,2.0,0.0,"Just another day working on projects and drinking coffee.
Thank you for watching this video. Do not forget to like and share if you enjoyed it.",65.42,0
35.0,14.0,16.0,11.0,1.0,0.0,1.0,0.0,4.0,0.0,8.75,1.0,2.0,1.0,0.0,"How I built a Shopify brand with ₹0 in inventory costs!
Number 1 tool generates pitch decks in 30 seconds. Number 2 creates realistic AI voices. Comment 'AI' for direct links sent to your inbox!",88.79,1
27.0,10.8,19.2,10.0,1.0,0.0,1.0,0.0,0.0,0.0,9.0,0.0,2.0,1.0,0.0,"This is a flat in city center call for details.
It is very important to manage your time and work hard every day. Subscribe for more videos.",56.51,0
35.0,14.0,16.0,4.0,0.0,0.0,1.0,1.0,6.0,0.0,8.75,0.0,2.0,2.0,1.0,"Eating oats every morning? You might be stopping your weight loss!
Instead of 50/30/20, use 40% for essentials, 30% invested immediately, and 30% for skills. Save this reel and share with a friend!",92.04,1
26.0,10.4,19.6,9.0,0.0,0.0,1.0,0.0,0.0,0.0,8.666666666666666,0.0,2.0,2.0,0.0,"Just another day working on projects and drinking coffee.
Thank you for watching this video. Do not forget to like and share if you enjoyed it.",45.61,0
35.0,14.0,16.0,4.0,0.0,0.0,1.0,1.0,3.0,0.0,7.0,1.0,2.0,3.0,0.0,"Eating oats every morning? You might be stopping your weight loss!
Number 1 tool generates pitch decks in 30 seconds. Number 2 creates realistic AI voices. Comment 'AI' for direct links sent to your inbox!",97.65,1
28.0,11.2,18.8,10.0,0.0,0.0,1.0,0.0,0.0,0.0,7.0,0.0,2.0,2.0,0.0,"Hey friends check out this new app I downloaded yesterday.
It has nice rooms and good lighting. Hope you guys like it. Let me know what you think.",70.84,0
38.0,15.2,14.8,11.0,1.0,0.0,1.0,0.0,2.0,2.631578947368421,9.5,0.0,2.0,1.0,0.0,"How I built a Shopify brand with ₹0 in inventory costs!
Look at this luxury setup with modular kitchen and balcony. Located 10 mins from IT park. Comment 'HOME' below and I will DM you the direct tour!",81.51,1
27.0,10.8,19.2,9.0,0.0,0.0,0.0,0.0,0.0,0.0,6.75,0.0,2.0,2.0,0.0,"Just another day working on projects and drinking coffee.
It has nice rooms and good lighting. Hope you guys like it. Let me know what you think.",69.47,0
40.0,16.0,14.0,13.0,1.0,2.0,1.0,0.0,3.0,5.0,10.0,0.0,2.0,1.0,0.0,"Here are 3 secret AI tools that feel illegal to know in 2026!
Look at this luxury setup with modular kitchen and balcony. Located 10 mins from IT park. Comment 'HOME' below and I will DM you the direct tour!",84.68,1
28.0,11.2,18.8,10.0,1.0,0.0,0.0,0.0,0.0,0.0,7.0,0.0,2.0,2.0,0.0,"This is a flat in city center call for details.
It has nice rooms and good lighting. Hope you guys like it. Let me know what you think.",55.46,0
37.0,14.8,15.2,11.0,0.0,1.0,1.0,0.0,5.0,2.7027027027027026,9.25,0.0,2.0,1.0,0.0,"90% of people make this 1 huge mistake with their resume!
Swap instant oats for 3 whole eggs with spinach. This keeps hunger suppressed for 5 hours. Double tap if you want the 7-day meal plan!",85.01,1
26.0,10.4,19.6,9.0,0.0,0.0,1.0,0.0,0.0,0.0,8.666666666666666,0.0,2.0,1.0,0.0,"Just another day working on projects and drinking coffee.
It is very important to manage your time and work hard every day. Subscribe for more videos.",68.39,0
38.0,15.2,14.8,4.0,0.0,0.0,1.0,1.0,1.0,2.631578947368421,7.6,0.0,2.0,3.0,0.0,"Eating oats every morning? You might be stopping your weight loss!
Look at this luxury setup with modular kitchen and balcony. Located 10 mins from IT park. Comment 'HOME' below and I will DM you the direct tour!",93.48,1
31.0,12.4,17.6,14.0,0.0,0.0,1.0,0.0,0.0,0.0,10.333333333333334,0.0,2.0,1.0,1.0,"Hello guys welcome back to my channel today we will talk about real estate.
It is very important to manage your time and work hard every day. Subscribe for more videos.",47.62,0
40.0,16.0,14.0,13.0,0.0,1.0,1.0,0.0,2.0,5.0,10.0,0.0,2.0,2.0,1.0,"Stop scrolling if you have ₹50 Lakhs budget and want a dream home!
Look at this luxury setup with modular kitchen and balcony. Located 10 mins from IT park. Comment 'HOME' below and I will DM you the direct tour!",93.58,1
31.0,12.4,17.6,13.0,0.0,0.0,0.0,0.0,0.0,0.0,7.75,0.0,2.0,3.0,1.0,"Today I am sharing some random tips on how to improve your life.
It has nice rooms and good lighting. Hope you guys like it. Let me know what you think.",68.53,0
35.0,14.0,16.0,11.0,1.0,0.0,1.0,0.0,4.0,0.0,8.75,1.0,2.0,1.0,0.0,"How I built a Shopify brand with ₹0 in inventory costs!
Number 1 tool generates pitch decks in 30 seconds. Number 2 creates realistic AI voices. Comment 'AI' for direct links sent to your inbox!",84.29,1
26.0,10.4,19.6,9.0,0.0,0.0,1.0,0.0,0.0,0.0,8.666666666666666,0.0,2.0,2.0,0.0,"Just another day working on projects and drinking coffee.
Thank you for watching this video. Do not forget to like and share if you enjoyed it.",43.89,0
39.0,15.6,14.4,13.0,1.0,2.0,1.0,0.0,5.0,5.128205128205128,9.75,0.0,2.0,1.0,0.0,"Here are 3 secret AI tools that feel illegal to know in 2026!
Swap instant oats for 3 whole eggs with spinach. This keeps hunger suppressed for 5 hours. Double tap if you want the 7-day meal plan!",92.59,1
28.0,11.2,18.8,10.0,1.0,0.0,0.0,0.0,0.0,0.0,7.0,0.0,2.0,2.0,0.0,"This is a flat in city center call for details.
It has nice rooms and good lighting. Hope you guys like it. Let me know what you think.",60.6,0
40.0,16.0,14.0,13.0,0.0,1.0,1.0,0.0,5.0,2.5,10.0,0.0,2.0,1.0,0.0,"The 50/30/20 budgeting rule is failing in 2026, do this instead!
Look at this luxury setup with modular kitchen and balcony. Located 10 mins from IT park. Comment 'HOME' below and I will DM you the direct tour!",94.0,1
30.0,12.0,18.0,13.0,0.0,0.0,1.0,0.0,0.0,0.0,10.0,0.0,2.0,2.0,1.0,"Today I am sharing some random tips on how to improve your life.
It is very important to manage your time and work hard every day. Subscribe for more videos.",43.68,0
37.0,14.8,15.2,13.0,0.0,1.0,1.0,0.0,7.0,2.7027027027027026,12.333333333333334,0.0,2.0,1.0,2.0,"Stop scrolling if you have ₹50 Lakhs budget and want a dream home!
Instead of 50/30/20, use 40% for essentials, 30% invested immediately, and 30% for skills. Save this reel and share with a friend!",90.36,1
26.0,10.4,19.6,9.0,0.0,0.0,1.0,0.0,0.0,0.0,8.666666666666666,0.0,2.0,1.0,0.0,"Just another day working on projects and drinking coffee.
It is very important to manage your time and work hard every day. Subscribe for more videos.",72.01,0
40.0,16.0,14.0,13.0,1.0,2.0,1.0,0.0,3.0,5.0,10.0,0.0,2.0,1.0,0.0,"Here are 3 secret AI tools that feel illegal to know in 2026!
Look at this luxury setup with modular kitchen and balcony. Located 10 mins from IT park. Comment 'HOME' below and I will DM you the direct tour!",90.66,1
31.0,12.4,17.6,13.0,0.0,0.0,0.0,0.0,0.0,0.0,7.75,0.0,2.0,3.0,1.0,"Today I am sharing some random tips on how to improve your life.
It has nice rooms and good lighting. Hope you guys like it. Let me know what you think.",63.7,0
38.0,15.2,14.8,11.0,0.0,1.0,1.0,0.0,3.0,2.631578947368421,9.5,0.0,2.0,1.0,0.0,"90% of people make this 1 huge mistake with their resume!
Look at this luxury setup with modular kitchen and balcony. Located 10 mins from IT park. Comment 'HOME' below and I will DM you the direct tour!",94.33,1
28.0,11.2,18.8,10.0,0.0,0.0,1.0,0.0,0.0,0.0,7.0,0.0,2.0,2.0,0.0,"Hey friends check out this new app I downloaded yesterday.
It has nice rooms and good lighting. Hope you guys like it. Let me know what you think.",51.8,0
35.0,14.0,16.0,4.0,0.0,0.0,1.0,1.0,6.0,0.0,8.75,0.0,2.0,2.0,1.0,"Eating oats every morning? You might be stopping your weight loss!
Instead of 50/30/20, use 40% for essentials, 30% invested immediately, and 30% for skills. Save this reel and share with a friend!",81.24,1
28.0,11.2,18.8,10.0,1.0,0.0,0.0,0.0,0.0,0.0,7.0,0.0,2.0,2.0,0.0,"This is a flat in city center call for details.
It has nice rooms and good lighting. Hope you guys like it. Let me know what you think.",68.89,0
37.0,14.8,15.2,11.0,0.0,2.0,1.0,0.0,3.0,5.405405405405405,9.25,0.0,2.0,2.0,0.0,"Secret real estate trick developers don't want you to know!
Swap instant oats for 3 whole eggs with spinach. This keeps hunger suppressed for 5 hours. Double tap if you want the 7-day meal plan!",81.9,1
27.0,10.8,19.2,10.0,1.0,0.0,1.0,0.0,0.0,0.0,9.0,0.0,2.0,2.0,0.0,"This is a flat in city center call for details.
Thank you for watching this video. Do not forget to like and share if you enjoyed it.",70.31,0
35.0,14.0,16.0,4.0,0.0,0.0,1.0,1.0,3.0,0.0,7.0,1.0,2.0,3.0,0.0,"Eating oats every morning? You might be stopping your weight loss!
Number 1 tool generates pitch decks in 30 seconds. Number 2 creates realistic AI voices. Comment 'AI' for direct links sent to your inbox!",87.84,1
27.0,10.8,19.2,10.0,0.0,0.0,1.0,0.0,0.0,0.0,9.0,0.0,2.0,2.0,0.0,"Hey friends check out this new app I downloaded yesterday.
Thank you for watching this video. Do not forget to like and share if you enjoyed it.",49.18,0
37.0,14.8,15.2,11.0,0.0,2.0,1.0,0.0,3.0,5.405405405405405,9.25,0.0,2.0,2.0,0.0,"Secret real estate trick developers don't want you to know!
Swap instant oats for 3 whole eggs with spinach. This keeps hunger suppressed for 5 hours. Double tap if you want the 7-day meal plan!",88.37,1
27.0,10.8,19.2,10.0,0.0,0.0,1.0,0.0,0.0,0.0,9.0,0.0,2.0,1.0,0.0,"Hey friends check out this new app I downloaded yesterday.
It is very important to manage your time and work hard every day. Subscribe for more videos.",50.96,0
40.0,16.0,14.0,13.0,1.0,2.0,1.0,0.0,3.0,5.0,10.0,0.0,2.0,1.0,0.0,"Here are 3 secret AI tools that feel illegal to know in 2026!
Look at this luxury setup with modular kitchen and balcony. Located 10 mins from IT park. Comment 'HOME' below and I will DM you the direct tour!",85.02,1
27.0,10.8,19.2,9.0,0.0,0.0,0.0,0.0,0.0,0.0,6.75,0.0,2.0,2.0,0.0,"Just another day working on projects and drinking coffee.
It has nice rooms and good lighting. Hope you guys like it. Let me know what you think.",65.52,0
37.0,14.8,15.2,11.0,1.0,0.0,1.0,0.0,4.0,2.7027027027027026,9.25,0.0,2.0,1.0,0.0,"How I built a Shopify brand with ₹0 in inventory costs!
Swap instant oats for 3 whole eggs with spinach. This keeps hunger suppressed for 5 hours. Double tap if you want the 7-day meal plan!",86.06,1
26.0,10.4,19.6,9.0,0.0,0.0,1.0,0.0,0.0,0.0,8.666666666666666,0.0,2.0,1.0,0.0,"Just another day working on projects and drinking coffee.
It is very important to manage your time and work hard every day. Subscribe for more videos.",46.18,0
37.0,14.8,15.2,13.0,1.0,2.0,1.0,0.0,8.0,2.7027027027027026,12.333333333333334,0.0,2.0,0.0,1.0,"Here are 3 secret AI tools that feel illegal to know in 2026!
Instead of 50/30/20, use 40% for essentials, 30% invested immediately, and 30% for skills. Save this reel and share with a friend!",94.36,1
27.0,10.8,19.2,10.0,1.0,0.0,1.0,0.0,0.0,0.0,9.0,0.0,2.0,1.0,0.0,"This is a flat in city center call for details.
It is very important to manage your time and work hard every day. Subscribe for more videos.",69.93,0
37.0,14.8,15.2,13.0,0.0,1.0,1.0,0.0,10.0,0.0,12.333333333333334,0.0,2.0,0.0,1.0,"The 50/30/20 budgeting rule is failing in 2026, do this instead!
Instead of 50/30/20, use 40% for essentials, 30% invested immediately, and 30% for skills. Save this reel and share with a friend!",90.0,1
28.0,11.2,18.8,10.0,0.0,0.0,1.0,0.0,0.0,0.0,7.0,0.0,2.0,2.0,0.0,"Hey friends check out this new app I downloaded yesterday.
It has nice rooms and good lighting. Hope you guys like it. Let me know what you think.",42.91,0
39.0,15.6,14.4,13.0,0.0,1.0,1.0,0.0,7.0,2.564102564102564,9.75,0.0,2.0,1.0,0.0,"The 50/30/20 budgeting rule is failing in 2026, do this instead!
Swap instant oats for 3 whole eggs with spinach. This keeps hunger suppressed for 5 hours. Double tap if you want the 7-day meal plan!",88.79,1
30.0,12.0,18.0,13.0,0.0,0.0,1.0,0.0,0.0,0.0,10.0,0.0,2.0,3.0,1.0,"Today I am sharing some random tips on how to improve your life.
Thank you for watching this video. Do not forget to like and share if you enjoyed it.",56.19,0
39.0,15.6,14.4,13.0,0.0,1.0,1.0,0.0,7.0,2.564102564102564,9.75,0.0,2.0,1.0,0.0,"The 50/30/20 budgeting rule is failing in 2026, do this instead!
Swap instant oats for 3 whole eggs with spinach. This keeps hunger suppressed for 5 hours. Double tap if you want the 7-day meal plan!",88.07,1
32.0,12.8,17.2,14.0,0.0,0.0,0.0,0.0,0.0,0.0,8.0,0.0,2.0,2.0,1.0,"Hello guys welcome back to my channel today we will talk about real estate.
It has nice rooms and good lighting. Hope you guys like it. Let me know what you think.",50.0,0
35.0,14.0,16.0,4.0,0.0,0.0,1.0,1.0,3.0,0.0,7.0,1.0,2.0,3.0,0.0,"Eating oats every morning? You might be stopping your weight loss!
Number 1 tool generates pitch decks in 30 seconds. Number 2 creates realistic AI voices. Comment 'AI' for direct links sent to your inbox!",85.51,1
27.0,10.8,19.2,10.0,0.0,0.0,1.0,0.0,0.0,0.0,9.0,0.0,2.0,1.0,0.0,"Hey friends check out this new app I downloaded yesterday.
It is very important to manage your time and work hard every day. Subscribe for more videos.",56.09,0
35.0,14.0,16.0,11.0,1.0,0.0,1.0,0.0,7.0,0.0,11.666666666666666,0.0,2.0,0.0,1.0,"How I built a Shopify brand with ₹0 in inventory costs!
Instead of 50/30/20, use 40% for essentials, 30% invested immediately, and 30% for skills. Save this reel and share with a friend!",87.66,1
27.0,10.8,19.2,10.0,0.0,0.0,1.0,0.0,0.0,0.0,9.0,0.0,2.0,1.0,0.0,"Hey friends check out this new app I downloaded yesterday.
It is very important to manage your time and work hard every day. Subscribe for more videos.",51.96,0
35.0,14.0,16.0,4.0,0.0,0.0,1.0,1.0,6.0,0.0,8.75,0.0,2.0,2.0,1.0,"Eating oats every morning? You might be stopping your weight loss!
Instead of 50/30/20, use 40% for essentials, 30% invested immediately, and 30% for skills. Save this reel and share with a friend!",85.52,1
31.0,12.4,17.6,13.0,0.0,0.0,0.0,0.0,0.0,0.0,7.75,0.0,2.0,3.0,1.0,"Today I am sharing some random tips on how to improve your life.
It has nice rooms and good lighting. Hope you guys like it. Let me know what you think.",64.52,0
38.0,15.2,14.8,11.0,0.0,1.0,1.0,0.0,3.0,2.631578947368421,9.5,0.0,2.0,1.0,0.0,"90% of people make this 1 huge mistake with their resume!
Look at this luxury setup with modular kitchen and balcony. Located 10 mins from IT park. Comment 'HOME' below and I will DM you the direct tour!",93.37,1
31.0,12.4,17.6,13.0,0.0,0.0,0.0,0.0,0.0,0.0,7.75,0.0,2.0,3.0,1.0,"Today I am sharing some random tips on how to improve your life.
It has nice rooms and good lighting. Hope you guys like it. Let me know what you think.",47.36,0
35.0,14.0,16.0,4.0,0.0,0.0,1.0,1.0,6.0,0.0,8.75,0.0,2.0,2.0,1.0,"Eating oats every morning? You might be stopping your weight loss!
Instead of 50/30/20, use 40% for essentials, 30% invested immediately, and 30% for skills. Save this reel and share with a friend!",93.04,1
27.0,10.8,19.2,10.0,0.0,0.0,1.0,0.0,0.0,0.0,9.0,0.0,2.0,2.0,0.0,"Hey friends check out this new app I downloaded yesterday.
Thank you for watching this video. Do not forget to like and share if you enjoyed it.",49.62,0
37.0,14.8,15.2,13.0,0.0,1.0,1.0,0.0,4.0,2.7027027027027026,9.25,1.0,2.0,2.0,1.0,"Stop scrolling if you have ₹50 Lakhs budget and want a dream home!
Number 1 tool generates pitch decks in 30 seconds. Number 2 creates realistic AI voices. Comment 'AI' for direct links sent to your inbox!",85.33,1
28.0,11.2,18.8,10.0,1.0,0.0,0.0,0.0,0.0,0.0,7.0,0.0,2.0,2.0,0.0,"This is a flat in city center call for details.
It has nice rooms and good lighting. Hope you guys like it. Let me know what you think.",50.28,0
37.0,14.8,15.2,13.0,0.0,1.0,1.0,0.0,7.0,0.0,9.25,1.0,2.0,1.0,0.0,"The 50/30/20 budgeting rule is failing in 2026, do this instead!
Number 1 tool generates pitch decks in 30 seconds. Number 2 creates realistic AI voices. Comment 'AI' for direct links sent to your inbox!",84.94,1
31.0,12.4,17.6,14.0,0.0,0.0,1.0,0.0,0.0,0.0,10.333333333333334,0.0,2.0,2.0,1.0,"Hello guys welcome back to my channel today we will talk about real estate.
Thank you for watching this video. Do not forget to like and share if you enjoyed it.",49.93,0
39.0,15.6,14.4,13.0,1.0,2.0,1.0,0.0,5.0,5.128205128205128,9.75,0.0,2.0,1.0,0.0,"Here are 3 secret AI tools that feel illegal to know in 2026!
Swap instant oats for 3 whole eggs with spinach. This keeps hunger suppressed for 5 hours. Double tap if you want the 7-day meal plan!",81.85,1
31.0,12.4,17.6,14.0,0.0,0.0,1.0,0.0,0.0,0.0,10.333333333333334,0.0,2.0,2.0,1.0,"Hello guys welcome back to my channel today we will talk about real estate.
Thank you for watching this video. Do not forget to like and share if you enjoyed it.",49.67,0
37.0,14.8,15.2,4.0,0.0,0.0,1.0,1.0,3.0,2.7027027027027026,7.4,0.0,2.0,3.0,0.0,"Eating oats every morning? You might be stopping your weight loss!
Swap instant oats for 3 whole eggs with spinach. This keeps hunger suppressed for 5 hours. Double tap if you want the 7-day meal plan!",86.13,1
31.0,12.4,17.6,14.0,0.0,0.0,1.0,0.0,0.0,0.0,10.333333333333334,0.0,2.0,1.0,1.0,"Hello guys welcome back to my channel today we will talk about real estate.
It is very important to manage your time and work hard every day. Subscribe for more videos.",72.0,0
38.0,15.2,14.8,4.0,0.0,0.0,1.0,1.0,1.0,2.631578947368421,7.6,0.0,2.0,3.0,0.0,"Eating oats every morning? You might be stopping your weight loss!
Look at this luxury setup with modular kitchen and balcony. Located 10 mins from IT park. Comment 'HOME' below and I will DM you the direct tour!",94.8,1
26.0,10.4,19.6,9.0,0.0,0.0,1.0,0.0,0.0,0.0,8.666666666666666,0.0,2.0,1.0,0.0,"Just another day working on projects and drinking coffee.
It is very important to manage your time and work hard every day. Subscribe for more videos.",42.52,0
40.0,16.0,14.0,13.0,0.0,1.0,1.0,0.0,5.0,2.5,10.0,0.0,2.0,1.0,0.0,"The 50/30/20 budgeting rule is failing in 2026, do this instead!
Look at this luxury setup with modular kitchen and balcony. Located 10 mins from IT park. Comment 'HOME' below and I will DM you the direct tour!",82.73,1
27.0,10.8,19.2,10.0,0.0,0.0,1.0,0.0,0.0,0.0,9.0,0.0,2.0,1.0,0.0,"Hey friends check out this new app I downloaded yesterday.
It is very important to manage your time and work hard every day. Subscribe for more videos.",42.9,0
40.0,16.0,14.0,13.0,1.0,2.0,1.0,0.0,3.0,5.0,10.0,0.0,2.0,1.0,0.0,"Here are 3 secret AI tools that feel illegal to know in 2026!
Look at this luxury setup with modular kitchen and balcony. Located 10 mins from IT park. Comment 'HOME' below and I will DM you the direct tour!",90.05,1
26.0,10.4,19.6,9.0,0.0,0.0,1.0,0.0,0.0,0.0,8.666666666666666,0.0,2.0,2.0,0.0,"Just another day working on projects and drinking coffee.
Thank you for watching this video. Do not forget to like and share if you enjoyed it.",60.27,0
35.0,14.0,16.0,11.0,1.0,0.0,1.0,0.0,4.0,0.0,8.75,1.0,2.0,1.0,0.0,"How I built a Shopify brand with ₹0 in inventory costs!
Number 1 tool generates pitch decks in 30 seconds. Number 2 creates realistic AI voices. Comment 'AI' for direct links sent to your inbox!",93.96,1
26.0,10.4,19.6,9.0,0.0,0.0,1.0,0.0,0.0,0.0,8.666666666666666,0.0,2.0,1.0,0.0,"Just another day working on projects and drinking coffee.
It is very important to manage your time and work hard every day. Subscribe for more videos.",70.89,0
37.0,14.8,15.2,11.0,0.0,1.0,1.0,0.0,5.0,2.7027027027027026,9.25,0.0,2.0,1.0,0.0,"90% of people make this 1 huge mistake with their resume!
Swap instant oats for 3 whole eggs with spinach. This keeps hunger suppressed for 5 hours. Double tap if you want the 7-day meal plan!",85.5,1
28.0,11.2,18.8,10.0,0.0,0.0,1.0,0.0,0.0,0.0,7.0,0.0,2.0,2.0,0.0,"Hey friends check out this new app I downloaded yesterday.
It has nice rooms and good lighting. Hope you guys like it. Let me know what you think.",60.73,0
40.0,16.0,14.0,13.0,0.0,1.0,1.0,0.0,5.0,2.5,10.0,0.0,2.0,1.0,0.0,"The 50/30/20 budgeting rule is failing in 2026, do this instead!
Look at this luxury setup with modular kitchen and balcony. Located 10 mins from IT park. Comment 'HOME' below and I will DM you the direct tour!",97.06,1
30.0,12.0,18.0,13.0,0.0,0.0,1.0,0.0,0.0,0.0,10.0,0.0,2.0,3.0,1.0,"Today I am sharing some random tips on how to improve your life.
Thank you for watching this video. Do not forget to like and share if you enjoyed it.",47.17,0
40.0,16.0,14.0,13.0,0.0,1.0,1.0,0.0,5.0,2.5,10.0,0.0,2.0,1.0,0.0,"The 50/30/20 budgeting rule is failing in 2026, do this instead!
Look at this luxury setup with modular kitchen and balcony. Located 10 mins from IT park. Comment 'HOME' below and I will DM you the direct tour!",82.83,1
30.0,12.0,18.0,13.0,0.0,0.0,1.0,0.0,0.0,0.0,10.0,0.0,2.0,3.0,1.0,"Today I am sharing some random tips on how to improve your life.
Thank you for watching this video. Do not forget to like and share if you enjoyed it.",42.55,0
39.0,15.6,14.4,13.0,0.0,1.0,1.0,0.0,4.0,5.128205128205128,9.75,0.0,2.0,2.0,1.0,"Stop scrolling if you have ₹50 Lakhs budget and want a dream home!
Swap instant oats for 3 whole eggs with spinach. This keeps hunger suppressed for 5 hours. Double tap if you want the 7-day meal plan!",88.11,1
27.0,10.8,19.2,10.0,0.0,0.0,1.0,0.0,0.0,0.0,9.0,0.0,2.0,1.0,0.0,"Hey friends check out this new app I downloaded yesterday.
It is very important to manage your time and work hard every day. Subscribe for more videos.",49.9,0
37.0,14.8,15.2,13.0,1.0,2.0,1.0,0.0,8.0,2.7027027027027026,12.333333333333334,0.0,2.0,0.0,1.0,"Here are 3 secret AI tools that feel illegal to know in 2026!
Instead of 50/30/20, use 40% for essentials, 30% invested immediately, and 30% for skills. Save this reel and share with a friend!",92.73,1
27.0,10.8,19.2,9.0,0.0,0.0,0.0,0.0,0.0,0.0,6.75,0.0,2.0,2.0,0.0,"Just another day working on projects and drinking coffee.
It has nice rooms and good lighting. Hope you guys like it. Let me know what you think.",63.37,0
35.0,14.0,16.0,11.0,0.0,1.0,1.0,0.0,5.0,0.0,8.75,1.0,2.0,1.0,0.0,"90% of people make this 1 huge mistake with their resume!
Number 1 tool generates pitch decks in 30 seconds. Number 2 creates realistic AI voices. Comment 'AI' for direct links sent to your inbox!",87.65,1
28.0,11.2,18.8,10.0,0.0,0.0,1.0,0.0,0.0,0.0,7.0,0.0,2.0,2.0,0.0,"Hey friends check out this new app I downloaded yesterday.
It has nice rooms and good lighting. Hope you guys like it. Let me know what you think.",62.02,0
35.0,14.0,16.0,11.0,0.0,1.0,1.0,0.0,5.0,0.0,8.75,1.0,2.0,1.0,0.0,"90% of people make this 1 huge mistake with their resume!
Number 1 tool generates pitch decks in 30 seconds. Number 2 creates realistic AI voices. Comment 'AI' for direct links sent to your inbox!",81.29,1
30.0,12.0,18.0,13.0,0.0,0.0,1.0,0.0,0.0,0.0,10.0,0.0,2.0,2.0,1.0,"Today I am sharing some random tips on how to improve your life.
It is very important to manage your time and work hard every day. Subscribe for more videos.",60.23,0
35.0,14.0,16.0,11.0,0.0,2.0,1.0,0.0,6.0,2.857142857142857,11.666666666666666,0.0,2.0,1.0,1.0,"Secret real estate trick developers don't want you to know!
Instead of 50/30/20, use 40% for essentials, 30% invested immediately, and 30% for skills. Save this reel and share with a friend!",87.9,1
26.0,10.4,19.6,9.0,0.0,0.0,1.0,0.0,0.0,0.0,8.666666666666666,0.0,2.0,2.0,0.0,"Just another day working on projects and drinking coffee.
Thank you for watching this video. Do not forget to like and share if you enjoyed it.",50.34,0
35.0,14.0,16.0,4.0,0.0,0.0,1.0,1.0,6.0,0.0,8.75,0.0,2.0,2.0,1.0,"Eating oats every morning? You might be stopping your weight loss!
Instead of 50/30/20, use 40% for essentials, 30% invested immediately, and 30% for skills. Save this reel and share with a friend!",89.01,1
26.0,10.4,19.6,9.0,0.0,0.0,1.0,0.0,0.0,0.0,8.666666666666666,0.0,2.0,1.0,0.0,"Just another day working on projects and drinking coffee.
It is very important to manage your time and work hard every day. Subscribe for more videos.",42.74,0
39.0,15.6,14.4,13.0,0.0,1.0,1.0,0.0,4.0,5.128205128205128,9.75,0.0,2.0,2.0,1.0,"Stop scrolling if you have ₹50 Lakhs budget and want a dream home!
Swap instant oats for 3 whole eggs with spinach. This keeps hunger suppressed for 5 hours. Double tap if you want the 7-day meal plan!",93.22,1
27.0,10.8,19.2,10.0,0.0,0.0,1.0,0.0,0.0,0.0,9.0,0.0,2.0,1.0,0.0,"Hey friends check out this new app I downloaded yesterday.
It is very important to manage your time and work hard every day. Subscribe for more videos.",40.88,0
40.0,16.0,14.0,13.0,1.0,2.0,1.0,0.0,3.0,5.0,10.0,0.0,2.0,1.0,0.0,"Here are 3 secret AI tools that feel illegal to know in 2026!
Look at this luxury setup with modular kitchen and balcony. Located 10 mins from IT park. Comment 'HOME' below and I will DM you the direct tour!",97.99,1
27.0,10.8,19.2,10.0,1.0,0.0,1.0,0.0,0.0,0.0,9.0,0.0,2.0,2.0,0.0,"This is a flat in city center call for details.
Thank you for watching this video. Do not forget to like and share if you enjoyed it.",41.37,0
35.0,14.0,16.0,11.0,0.0,2.0,1.0,0.0,3.0,2.857142857142857,8.75,1.0,2.0,2.0,0.0,"Secret real estate trick developers don't want you to know!
Number 1 tool generates pitch decks in 30 seconds. Number 2 creates realistic AI voices. Comment 'AI' for direct links sent to your inbox!",88.47,1
26.0,10.4,19.6,9.0,0.0,0.0,1.0,0.0,0.0,0.0,8.666666666666666,0.0,2.0,1.0,0.0,"Just another day working on projects and drinking coffee.
It is very important to manage your time and work hard every day. Subscribe for more videos.",46.17,0
37.0,14.8,15.2,11.0,1.0,0.0,1.0,0.0,4.0,2.7027027027027026,9.25,0.0,2.0,1.0,0.0,"How I built a Shopify brand with ₹0 in inventory costs!
Swap instant oats for 3 whole eggs with spinach. This keeps hunger suppressed for 5 hours. Double tap if you want the 7-day meal plan!",91.43,1
27.0,10.8,19.2,9.0,0.0,0.0,0.0,0.0,0.0,0.0,6.75,0.0,2.0,2.0,0.0,"Just another day working on projects and drinking coffee.
It has nice rooms and good lighting. Hope you guys like it. Let me know what you think.",55.98,0
35.0,14.0,16.0,4.0,0.0,0.0,1.0,1.0,6.0,0.0,8.75,0.0,2.0,2.0,1.0,"Eating oats every morning? You might be stopping your weight loss!
Instead of 50/30/20, use 40% for essentials, 30% invested immediately, and 30% for skills. Save this reel and share with a friend!",85.78,1
32.0,12.8,17.2,14.0,0.0,0.0,0.0,0.0,0.0,0.0,8.0,0.0,2.0,2.0,1.0,"Hello guys welcome back to my channel today we will talk about real estate.
It has nice rooms and good lighting. Hope you guys like it. Let me know what you think.",51.21,0
39.0,15.6,14.4,13.0,0.0,1.0,1.0,0.0,7.0,2.564102564102564,9.75,0.0,2.0,1.0,0.0,"The 50/30/20 budgeting rule is failing in 2026, do this instead!
Swap instant oats for 3 whole eggs with spinach. This keeps hunger suppressed for 5 hours. Double tap if you want the 7-day meal plan!",85.19,1
26.0,10.4,19.6,9.0,0.0,0.0,1.0,0.0,0.0,0.0,8.666666666666666,0.0,2.0,2.0,0.0,"Just another day working on projects and drinking coffee.
Thank you for watching this video. Do not forget to like and share if you enjoyed it.",41.25,0
37.0,14.8,15.2,13.0,0.0,1.0,1.0,0.0,7.0,2.7027027027027026,12.333333333333334,0.0,2.0,1.0,2.0,"Stop scrolling if you have ₹50 Lakhs budget and want a dream home!
Instead of 50/30/20, use 40% for essentials, 30% invested immediately, and 30% for skills. Save this reel and share with a friend!",84.54,1
31.0,12.4,17.6,14.0,0.0,0.0,1.0,0.0,0.0,0.0,10.333333333333334,0.0,2.0,1.0,1.0,"Hello guys welcome back to my channel today we will talk about real estate.
It is very important to manage your time and work hard every day. Subscribe for more videos.",69.41,0
38.0,15.2,14.8,11.0,0.0,2.0,1.0,0.0,1.0,5.263157894736842,9.5,0.0,2.0,2.0,0.0,"Secret real estate trick developers don't want you to know!
Look at this luxury setup with modular kitchen and balcony. Located 10 mins from IT park. Comment 'HOME' below and I will DM you the direct tour!",91.84,1
27.0,10.8,19.2,10.0,0.0,0.0,1.0,0.0,0.0,0.0,9.0,0.0,2.0,1.0,0.0,"Hey friends check out this new app I downloaded yesterday.
It is very important to manage your time and work hard every day. Subscribe for more videos.",54.05,0
37.0,14.8,15.2,13.0,1.0,2.0,1.0,0.0,8.0,2.7027027027027026,12.333333333333334,0.0,2.0,0.0,1.0,"Here are 3 secret AI tools that feel illegal to know in 2026!
Instead of 50/30/20, use 40% for essentials, 30% invested immediately, and 30% for skills. Save this reel and share with a friend!",91.21,1
26.0,10.4,19.6,9.0,0.0,0.0,1.0,0.0,0.0,0.0,8.666666666666666,0.0,2.0,2.0,0.0,"Just another day working on projects and drinking coffee.
Thank you for watching this video. Do not forget to like and share if you enjoyed it.",55.03,0
37.0,14.8,15.2,13.0,0.0,1.0,1.0,0.0,4.0,2.7027027027027026,9.25,1.0,2.0,2.0,1.0,"Stop scrolling if you have ₹50 Lakhs budget and want a dream home!
Number 1 tool generates pitch decks in 30 seconds. Number 2 creates realistic AI voices. Comment 'AI' for direct links sent to your inbox!",84.81,1
30.0,12.0,18.0,13.0,0.0,0.0,1.0,0.0,0.0,0.0,10.0,0.0,2.0,2.0,1.0,"Today I am sharing some random tips on how to improve your life.
It is very important to manage your time and work hard every day. Subscribe for more videos.",54.9,0
39.0,15.6,14.4,13.0,0.0,1.0,1.0,0.0,7.0,2.564102564102564,9.75,0.0,2.0,1.0,0.0,"The 50/30/20 budgeting rule is failing in 2026, do this instead!
Swap instant oats for 3 whole eggs with spinach. This keeps hunger suppressed for 5 hours. Double tap if you want the 7-day meal plan!",82.19,1
28.0,11.2,18.8,10.0,0.0,0.0,1.0,0.0,0.0,0.0,7.0,0.0,2.0,2.0,0.0,"Hey friends check out this new app I downloaded yesterday.
It has nice rooms and good lighting. Hope you guys like it. Let me know what you think.",64.13,0
38.0,15.2,14.8,11.0,0.0,1.0,1.0,0.0,3.0,2.631578947368421,9.5,0.0,2.0,1.0,0.0,"90% of people make this 1 huge mistake with their resume!
Look at this luxury setup with modular kitchen and balcony. Located 10 mins from IT park. Comment 'HOME' below and I will DM you the direct tour!",89.94,1
32.0,12.8,17.2,14.0,0.0,0.0,0.0,0.0,0.0,0.0,8.0,0.0,2.0,2.0,1.0,"Hello guys welcome back to my channel today we will talk about real estate.
It has nice rooms and good lighting. Hope you guys like it. Let me know what you think.",73.74,0
39.0,15.6,14.4,13.0,0.0,1.0,1.0,0.0,4.0,5.128205128205128,9.75,0.0,2.0,2.0,1.0,"Stop scrolling if you have ₹50 Lakhs budget and want a dream home!
Swap instant oats for 3 whole eggs with spinach. This keeps hunger suppressed for 5 hours. Double tap if you want the 7-day meal plan!",97.05,1
30.0,12.0,18.0,13.0,0.0,0.0,1.0,0.0,0.0,0.0,10.0,0.0,2.0,2.0,1.0,"Today I am sharing some random tips on how to improve your life.
It is very important to manage your time and work hard every day. Subscribe for more videos.",71.71,0
35.0,14.0,16.0,11.0,0.0,1.0,1.0,0.0,8.0,0.0,11.666666666666666,0.0,2.0,0.0,1.0,"90% of people make this 1 huge mistake with their resume!
Instead of 50/30/20, use 40% for essentials, 30% invested immediately, and 30% for skills. Save this reel and share with a friend!",87.48,1
26.0,10.4,19.6,9.0,0.0,0.0,1.0,0.0,0.0,0.0,8.666666666666666,0.0,2.0,1.0,0.0,"Just another day working on projects and drinking coffee.
It is very important to manage your time and work hard every day. Subscribe for more videos.",48.29,0
35.0,14.0,16.0,11.0,1.0,0.0,1.0,0.0,4.0,0.0,8.75,1.0,2.0,1.0,0.0,"How I built a Shopify brand with ₹0 in inventory costs!
Number 1 tool generates pitch decks in 30 seconds. Number 2 creates realistic AI voices. Comment 'AI' for direct links sent to your inbox!",86.9,1
27.0,10.8,19.2,10.0,0.0,0.0,1.0,0.0,0.0,0.0,9.0,0.0,2.0,2.0,0.0,"Hey friends check out this new app I downloaded yesterday.
Thank you for watching this video. Do not forget to like and share if you enjoyed it.",65.37,0
40.0,16.0,14.0,13.0,1.0,2.0,1.0,0.0,3.0,5.0,10.0,0.0,2.0,1.0,0.0,"Here are 3 secret AI tools that feel illegal to know in 2026!
Look at this luxury setup with modular kitchen and balcony. Located 10 mins from IT park. Comment 'HOME' below and I will DM you the direct tour!",84.97,1
26.0,10.4,19.6,9.0,0.0,0.0,1.0,0.0,0.0,0.0,8.666666666666666,0.0,2.0,1.0,0.0,"Just another day working on projects and drinking coffee.
It is very important to manage your time and work hard every day. Subscribe for more videos.",71.76,0
35.0,14.0,16.0,11.0,1.0,0.0,1.0,0.0,7.0,0.0,11.666666666666666,0.0,2.0,0.0,1.0,"How I built a Shopify brand with ₹0 in inventory costs!
Instead of 50/30/20, use 40% for essentials, 30% invested immediately, and 30% for skills. Save this reel and share with a friend!",94.77,1
27.0,10.8,19.2,10.0,1.0,0.0,1.0,0.0,0.0,0.0,9.0,0.0,2.0,2.0,0.0,"This is a flat in city center call for details.
Thank you for watching this video. Do not forget to like and share if you enjoyed it.",50.15,0
37.0,14.8,15.2,11.0,1.0,0.0,1.0,0.0,4.0,2.7027027027027026,9.25,0.0,2.0,1.0,0.0,"How I built a Shopify brand with ₹0 in inventory costs!
Swap instant oats for 3 whole eggs with spinach. This keeps hunger suppressed for 5 hours. Double tap if you want the 7-day meal plan!",95.57,1
26.0,10.4,19.6,9.0,0.0,0.0,1.0,0.0,0.0,0.0,8.666666666666666,0.0,2.0,2.0,0.0,"Just another day working on projects and drinking coffee.
Thank you for watching this video. Do not forget to like and share if you enjoyed it.",56.47,0
37.0,14.8,15.2,11.0,0.0,1.0,1.0,0.0,5.0,2.7027027027027026,9.25,0.0,2.0,1.0,0.0,"90% of people make this 1 huge mistake with their resume!
Swap instant oats for 3 whole eggs with spinach. This keeps hunger suppressed for 5 hours. Double tap if you want the 7-day meal plan!",88.2,1
28.0,11.2,18.8,10.0,1.0,0.0,0.0,0.0,0.0,0.0,7.0,0.0,2.0,2.0,0.0,"This is a flat in city center call for details.
It has nice rooms and good lighting. Hope you guys like it. Let me know what you think.",73.35,0
39.0,15.6,14.4,13.0,1.0,2.0,1.0,0.0,5.0,5.128205128205128,9.75,0.0,2.0,1.0,0.0,"Here are 3 secret AI tools that feel illegal to know in 2026!
Swap instant oats for 3 whole eggs with spinach. This keeps hunger suppressed for 5 hours. Double tap if you want the 7-day meal plan!",84.2,1
27.0,10.8,19.2,9.0,0.0,0.0,0.0,0.0,0.0,0.0,6.75,0.0,2.0,2.0,0.0,"Just another day working on projects and drinking coffee.
It has nice rooms and good lighting. Hope you guys like it. Let me know what you think.",50.82,0
37.0,14.8,15.2,4.0,0.0,0.0,1.0,1.0,3.0,2.7027027027027026,7.4,0.0,2.0,3.0,0.0,"Eating oats every morning? You might be stopping your weight loss!
Swap instant oats for 3 whole eggs with spinach. This keeps hunger suppressed for 5 hours. Double tap if you want the 7-day meal plan!",86.95,1
30.0,12.0,18.0,13.0,0.0,0.0,1.0,0.0,0.0,0.0,10.0,0.0,2.0,2.0,1.0,"Today I am sharing some random tips on how to improve your life.
It is very important to manage your time and work hard every day. Subscribe for more videos.",72.8,0
37.0,14.8,15.2,13.0,1.0,2.0,1.0,0.0,8.0,2.7027027027027026,12.333333333333334,0.0,2.0,0.0,1.0,"Here are 3 secret AI tools that feel illegal to know in 2026!
Instead of 50/30/20, use 40% for essentials, 30% invested immediately, and 30% for skills. Save this reel and share with a friend!",95.65,1
27.0,10.8,19.2,9.0,0.0,0.0,0.0,0.0,0.0,0.0,6.75,0.0,2.0,2.0,0.0,"Just another day working on projects and drinking coffee.
It has nice rooms and good lighting. Hope you guys like it. Let me know what you think.",57.88,0
38.0,15.2,14.8,4.0,0.0,0.0,1.0,1.0,1.0,2.631578947368421,7.6,0.0,2.0,3.0,0.0,"Eating oats every morning? You might be stopping your weight loss!
Look at this luxury setup with modular kitchen and balcony. Located 10 mins from IT park. Comment 'HOME' below and I will DM you the direct tour!",93.0,1
26.0,10.4,19.6,9.0,0.0,0.0,1.0,0.0,0.0,0.0,8.666666666666666,0.0,2.0,2.0,0.0,"Just another day working on projects and drinking coffee.
Thank you for watching this video. Do not forget to like and share if you enjoyed it.",72.98,0
39.0,15.6,14.4,13.0,0.0,1.0,1.0,0.0,4.0,5.128205128205128,9.75,0.0,2.0,2.0,1.0,"Stop scrolling if you have ₹50 Lakhs budget and want a dream home!
Swap instant oats for 3 whole eggs with spinach. This keeps hunger suppressed for 5 hours. Double tap if you want the 7-day meal plan!",94.07,1
27.0,10.8,19.2,10.0,1.0,0.0,1.0,0.0,0.0,0.0,9.0,0.0,2.0,1.0,0.0,"This is a flat in city center call for details.
It is very important to manage your time and work hard every day. Subscribe for more videos.",61.19,0
38.0,15.2,14.8,4.0,0.0,0.0,1.0,1.0,1.0,2.631578947368421,7.6,0.0,2.0,3.0,0.0,"Eating oats every morning? You might be stopping your weight loss!
Look at this luxury setup with modular kitchen and balcony. Located 10 mins from IT park. Comment 'HOME' below and I will DM you the direct tour!",95.33,1
27.0,10.8,19.2,10.0,0.0,0.0,1.0,0.0,0.0,0.0,9.0,0.0,2.0,1.0,0.0,"Hey friends check out this new app I downloaded yesterday.
It is very important to manage your time and work hard every day. Subscribe for more videos.",72.44,0
39.0,15.6,14.4,13.0,0.0,1.0,1.0,0.0,7.0,2.564102564102564,9.75,0.0,2.0,1.0,0.0,"The 50/30/20 budgeting rule is failing in 2026, do this instead!
Swap instant oats for 3 whole eggs with spinach. This keeps hunger suppressed for 5 hours. Double tap if you want the 7-day meal plan!",95.7,1
31.0,12.4,17.6,14.0,0.0,0.0,1.0,0.0,0.0,0.0,10.333333333333334,0.0,2.0,2.0,1.0,"Hello guys welcome back to my channel today we will talk about real estate.
Thank you for watching this video. Do not forget to like and share if you enjoyed it.",42.33,0
37.0,14.8,15.2,13.0,0.0,1.0,1.0,0.0,10.0,0.0,12.333333333333334,0.0,2.0,0.0,1.0,"The 50/30/20 budgeting rule is failing in 2026, do this instead!
Instead of 50/30/20, use 40% for essentials, 30% invested immediately, and 30% for skills. Save this reel and share with a friend!",97.95,1
31.0,12.4,17.6,14.0,0.0,0.0,1.0,0.0,0.0,0.0,10.333333333333334,0.0,2.0,1.0,1.0,"Hello guys welcome back to my channel today we will talk about real estate.
It is very important to manage your time and work hard every day. Subscribe for more videos.",73.26,0
38.0,15.2,14.8,11.0,0.0,2.0,1.0,0.0,1.0,5.263157894736842,9.5,0.0,2.0,2.0,0.0,"Secret real estate trick developers don't want you to know!
Look at this luxury setup with modular kitchen and balcony. Located 10 mins from IT park. Comment 'HOME' below and I will DM you the direct tour!",87.99,1
28.0,11.2,18.8,10.0,1.0,0.0,0.0,0.0,0.0,0.0,7.0,0.0,2.0,2.0,0.0,"This is a flat in city center call for details.
It has nice rooms and good lighting. Hope you guys like it. Let me know what you think.",41.56,0
38.0,15.2,14.8,11.0,0.0,2.0,1.0,0.0,1.0,5.263157894736842,9.5,0.0,2.0,2.0,0.0,"Secret real estate trick developers don't want you to know!
Look at this luxury setup with modular kitchen and balcony. Located 10 mins from IT park. Comment 'HOME' below and I will DM you the direct tour!",85.28,1
27.0,10.8,19.2,10.0,1.0,0.0,1.0,0.0,0.0,0.0,9.0,0.0,2.0,1.0,0.0,"This is a flat in city center call for details.
It is very important to manage your time and work hard every day. Subscribe for more videos.",44.95,0
37.0,14.8,15.2,11.0,1.0,0.0,1.0,0.0,4.0,2.7027027027027026,9.25,0.0,2.0,1.0,0.0,"How I built a Shopify brand with ₹0 in inventory costs!
Swap instant oats for 3 whole eggs with spinach. This keeps hunger suppressed for 5 hours. Double tap if you want the 7-day meal plan!",90.19,1
31.0,12.4,17.6,13.0,0.0,0.0,0.0,0.0,0.0,0.0,7.75,0.0,2.0,3.0,1.0,"Today I am sharing some random tips on how to improve your life.
It has nice rooms and good lighting. Hope you guys like it. Let me know what you think.",45.95,0
37.0,14.8,15.2,11.0,1.0,0.0,1.0,0.0,4.0,2.7027027027027026,9.25,0.0,2.0,1.0,0.0,"How I built a Shopify brand with ₹0 in inventory costs!
Swap instant oats for 3 whole eggs with spinach. This keeps hunger suppressed for 5 hours. Double tap if you want the 7-day meal plan!",91.15,1
30.0,12.0,18.0,13.0,0.0,0.0,1.0,0.0,0.0,0.0,10.0,0.0,2.0,2.0,1.0,"Today I am sharing some random tips on how to improve your life.
It is very important to manage your time and work hard every day. Subscribe for more videos.",71.04,0
37.0,14.8,15.2,13.0,1.0,2.0,1.0,0.0,5.0,2.7027027027027026,9.25,1.0,2.0,1.0,0.0,"Here are 3 secret AI tools that feel illegal to know in 2026!
Number 1 tool generates pitch decks in 30 seconds. Number 2 creates realistic AI voices. Comment 'AI' for direct links sent to your inbox!",88.3,1
27.0,10.8,19.2,10.0,1.0,0.0,1.0,0.0,0.0,0.0,9.0,0.0,2.0,1.0,0.0,"This is a flat in city center call for details.
It is very important to manage your time and work hard every day. Subscribe for more videos.",48.68,0
39.0,15.6,14.4,13.0,0.0,1.0,1.0,0.0,4.0,5.128205128205128,9.75,0.0,2.0,2.0,1.0,"Stop scrolling if you have ₹50 Lakhs budget and want a dream home!
Swap instant oats for 3 whole eggs with spinach. This keeps hunger suppressed for 5 hours. Double tap if you want the 7-day meal plan!",96.22,1
28.0,11.2,18.8,10.0,0.0,0.0,1.0,0.0,0.0,0.0,7.0,0.0,2.0,2.0,0.0,"Hey friends check out this new app I downloaded yesterday.
It has nice rooms and good lighting. Hope you guys like it. Let me know what you think.",42.51,0
35.0,14.0,16.0,11.0,0.0,1.0,1.0,0.0,8.0,0.0,11.666666666666666,0.0,2.0,0.0,1.0,"90% of people make this 1 huge mistake with their resume!
Instead of 50/30/20, use 40% for essentials, 30% invested immediately, and 30% for skills. Save this reel and share with a friend!",91.5,1
26.0,10.4,19.6,9.0,0.0,0.0,1.0,0.0,0.0,0.0,8.666666666666666,0.0,2.0,2.0,0.0,"Just another day working on projects and drinking coffee.
Thank you for watching this video. Do not forget to like and share if you enjoyed it.",48.5,0
35.0,14.0,16.0,11.0,0.0,2.0,1.0,0.0,6.0,2.857142857142857,11.666666666666666,0.0,2.0,1.0,1.0,"Secret real estate trick developers don't want you to know!
Instead of 50/30/20, use 40% for essentials, 30% invested immediately, and 30% for skills. Save this reel and share with a friend!",83.59,1
26.0,10.4,19.6,9.0,0.0,0.0,1.0,0.0,0.0,0.0,8.666666666666666,0.0,2.0,1.0,0.0,"Just another day working on projects and drinking coffee.
It is very important to manage your time and work hard every day. Subscribe for more videos.",43.63,0
35.0,14.0,16.0,4.0,0.0,0.0,1.0,1.0,6.0,0.0,8.75,0.0,2.0,2.0,1.0,"Eating oats every morning? You might be stopping your weight loss!
Instead of 50/30/20, use 40% for essentials, 30% invested immediately, and 30% for skills. Save this reel and share with a friend!",90.35,1
28.0,11.2,18.8,10.0,1.0,0.0,0.0,0.0,0.0,0.0,7.0,0.0,2.0,2.0,0.0,"This is a flat in city center call for details.
It has nice rooms and good lighting. Hope you guys like it. Let me know what you think.",73.25,0
39.0,15.6,14.4,13.0,0.0,1.0,1.0,0.0,7.0,2.564102564102564,9.75,0.0,2.0,1.0,0.0,"The 50/30/20 budgeting rule is failing in 2026, do this instead!
Swap instant oats for 3 whole eggs with spinach. This keeps hunger suppressed for 5 hours. Double tap if you want the 7-day meal plan!",84.94,1
27.0,10.8,19.2,10.0,0.0,0.0,1.0,0.0,0.0,0.0,9.0,0.0,2.0,2.0,0.0,"Hey friends check out this new app I downloaded yesterday.
Thank you for watching this video. Do not forget to like and share if you enjoyed it.",66.46,0
39.0,15.6,14.4,13.0,0.0,1.0,1.0,0.0,4.0,5.128205128205128,9.75,0.0,2.0,2.0,1.0,"Stop scrolling if you have ₹50 Lakhs budget and want a dream home!
Swap instant oats for 3 whole eggs with spinach. This keeps hunger suppressed for 5 hours. Double tap if you want the 7-day meal plan!",94.99,1
28.0,11.2,18.8,10.0,1.0,0.0,0.0,0.0,0.0,0.0,7.0,0.0,2.0,2.0,0.0,"This is a flat in city center call for details.
It has nice rooms and good lighting. Hope you guys like it. Let me know what you think.",60.64,0
35.0,14.0,16.0,11.0,0.0,1.0,1.0,0.0,5.0,0.0,8.75,1.0,2.0,1.0,0.0,"90% of people make this 1 huge mistake with their resume!
Number 1 tool generates pitch decks in 30 seconds. Number 2 creates realistic AI voices. Comment 'AI' for direct links sent to your inbox!",91.46,1
27.0,10.8,19.2,10.0,0.0,0.0,1.0,0.0,0.0,0.0,9.0,0.0,2.0,1.0,0.0,"Hey friends check out this new app I downloaded yesterday.
It is very important to manage your time and work hard every day. Subscribe for more videos.",63.04,0
37.0,14.8,15.2,13.0,0.0,1.0,1.0,0.0,7.0,0.0,9.25,1.0,2.0,1.0,0.0,"The 50/30/20 budgeting rule is failing in 2026, do this instead!
Number 1 tool generates pitch decks in 30 seconds. Number 2 creates realistic AI voices. Comment 'AI' for direct links sent to your inbox!",91.31,1
31.0,12.4,17.6,14.0,0.0,0.0,1.0,0.0,0.0,0.0,10.333333333333334,0.0,2.0,1.0,1.0,"Hello guys welcome back to my channel today we will talk about real estate.
It is very important to manage your time and work hard every day. Subscribe for more videos.",66.81,0
37.0,14.8,15.2,13.0,0.0,1.0,1.0,0.0,7.0,2.7027027027027026,12.333333333333334,0.0,2.0,1.0,2.0,"Stop scrolling if you have ₹50 Lakhs budget and want a dream home!
Instead of 50/30/20, use 40% for essentials, 30% invested immediately, and 30% for skills. Save this reel and share with a friend!",93.18,1
31.0,12.4,17.6,14.0,0.0,0.0,1.0,0.0,0.0,0.0,10.333333333333334,0.0,2.0,1.0,1.0,"Hello guys welcome back to my channel today we will talk about real estate.
It is very important to manage your time and work hard every day. Subscribe for more videos.",51.11,0
35.0,14.0,16.0,4.0,0.0,0.0,1.0,1.0,3.0,0.0,7.0,1.0,2.0,3.0,0.0,"Eating oats every morning? You might be stopping your weight loss!
Number 1 tool generates pitch decks in 30 seconds. Number 2 creates realistic AI voices. Comment 'AI' for direct links sent to your inbox!",83.61,1
27.0,10.8,19.2,10.0,0.0,0.0,1.0,0.0,0.0,0.0,9.0,0.0,2.0,1.0,0.0,"Hey friends check out this new app I downloaded yesterday.
It is very important to manage your time and work hard every day. Subscribe for more videos.",58.05,0
35.0,14.0,16.0,11.0,0.0,1.0,1.0,0.0,5.0,0.0,8.75,1.0,2.0,1.0,0.0,"90% of people make this 1 huge mistake with their resume!
Number 1 tool generates pitch decks in 30 seconds. Number 2 creates realistic AI voices. Comment 'AI' for direct links sent to your inbox!",84.63,1
26.0,10.4,19.6,9.0,0.0,0.0,1.0,0.0,0.0,0.0,8.666666666666666,0.0,2.0,1.0,0.0,"Just another day working on projects and drinking coffee.
It is very important to manage your time and work hard every day. Subscribe for more videos.",65.38,0
38.0,15.2,14.8,11.0,0.0,1.0,1.0,0.0,3.0,2.631578947368421,9.5,0.0,2.0,1.0,0.0,"90% of people make this 1 huge mistake with their resume!
Look at this luxury setup with modular kitchen and balcony. Located 10 mins from IT park. Comment 'HOME' below and I will DM you the direct tour!",88.43,1
32.0,12.8,17.2,14.0,0.0,0.0,0.0,0.0,0.0,0.0,8.0,0.0,2.0,2.0,1.0,"Hello guys welcome back to my channel today we will talk about real estate.
It has nice rooms and good lighting. Hope you guys like it. Let me know what you think.",65.64,0
39.0,15.6,14.4,13.0,1.0,2.0,1.0,0.0,5.0,5.128205128205128,9.75,0.0,2.0,1.0,0.0,"Here are 3 secret AI tools that feel illegal to know in 2026!
Swap instant oats for 3 whole eggs with spinach. This keeps hunger suppressed for 5 hours. Double tap if you want the 7-day meal plan!",97.41,1
27.0,10.8,19.2,10.0,0.0,0.0,1.0,0.0,0.0,0.0,9.0,0.0,2.0,1.0,0.0,"Hey friends check out this new app I downloaded yesterday.
It is very important to manage your time and work hard every day. Subscribe for more videos.",43.07,0
38.0,15.2,14.8,4.0,0.0,0.0,1.0,1.0,1.0,2.631578947368421,7.6,0.0,2.0,3.0,0.0,"Eating oats every morning? You might be stopping your weight loss!
Look at this luxury setup with modular kitchen and balcony. Located 10 mins from IT park. Comment 'HOME' below and I will DM you the direct tour!",84.76,1
31.0,12.4,17.6,14.0,0.0,0.0,1.0,0.0,0.0,0.0,10.333333333333334,0.0,2.0,1.0,1.0,"Hello guys welcome back to my channel today we will talk about real estate.
It is very important to manage your time and work hard every day. Subscribe for more videos.",52.53,0
37.0,14.8,15.2,13.0,0.0,1.0,1.0,0.0,10.0,0.0,12.333333333333334,0.0,2.0,0.0,1.0,"The 50/30/20 budgeting rule is failing in 2026, do this instead!
Instead of 50/30/20, use 40% for essentials, 30% invested immediately, and 30% for skills. Save this reel and share with a friend!",90.52,1
28.0,11.2,18.8,10.0,1.0,0.0,0.0,0.0,0.0,0.0,7.0,0.0,2.0,2.0,0.0,"This is a flat in city center call for details.
It has nice rooms and good lighting. Hope you guys like it. Let me know what you think.",62.94,0
38.0,15.2,14.8,4.0,0.0,0.0,1.0,1.0,1.0,2.631578947368421,7.6,0.0,2.0,3.0,0.0,"Eating oats every morning? You might be stopping your weight loss!
Look at this luxury setup with modular kitchen and balcony. Located 10 mins from IT park. Comment 'HOME' below and I will DM you the direct tour!",91.15,1
27.0,10.8,19.2,10.0,0.0,0.0,1.0,0.0,0.0,0.0,9.0,0.0,2.0,1.0,0.0,"Hey friends check out this new app I downloaded yesterday.
It is very important to manage your time and work hard every day. Subscribe for more videos.",71.12,0
40.0,16.0,14.0,13.0,1.0,2.0,1.0,0.0,3.0,5.0,10.0,0.0,2.0,1.0,0.0,"Here are 3 secret AI tools that feel illegal to know in 2026!
Look at this luxury setup with modular kitchen and balcony. Located 10 mins from IT park. Comment 'HOME' below and I will DM you the direct tour!",91.44,1
26.0,10.4,19.6,9.0,0.0,0.0,1.0,0.0,0.0,0.0,8.666666666666666,0.0,2.0,2.0,0.0,"Just another day working on projects and drinking coffee.
Thank you for watching this video. Do not forget to like and share if you enjoyed it.",50.27,0
38.0,15.2,14.8,4.0,0.0,0.0,1.0,1.0,1.0,2.631578947368421,7.6,0.0,2.0,3.0,0.0,"Eating oats every morning? You might be stopping your weight loss!
Look at this luxury setup with modular kitchen and balcony. Located 10 mins from IT park. Comment 'HOME' below and I will DM you the direct tour!",82.52,1
31.0,12.4,17.6,14.0,0.0,0.0,1.0,0.0,0.0,0.0,10.333333333333334,0.0,2.0,1.0,1.0,"Hello guys welcome back to my channel today we will talk about real estate.
It is very important to manage your time and work hard every day. Subscribe for more videos.",73.86,0
40.0,16.0,14.0,13.0,0.0,1.0,1.0,0.0,2.0,5.0,10.0,0.0,2.0,2.0,1.0,"Stop scrolling if you have ₹50 Lakhs budget and want a dream home!
Look at this luxury setup with modular kitchen and balcony. Located 10 mins from IT park. Comment 'HOME' below and I will DM you the direct tour!",84.23,1
28.0,11.2,18.8,10.0,0.0,0.0,1.0,0.0,0.0,0.0,7.0,0.0,2.0,2.0,0.0,"Hey friends check out this new app I downloaded yesterday.
It has nice rooms and good lighting. Hope you guys like it. Let me know what you think.",53.21,0
37.0,14.8,15.2,11.0,0.0,1.0,1.0,0.0,5.0,2.7027027027027026,9.25,0.0,2.0,1.0,0.0,"90% of people make this 1 huge mistake with their resume!
Swap instant oats for 3 whole eggs with spinach. This keeps hunger suppressed for 5 hours. Double tap if you want the 7-day meal plan!",90.57,1
30.0,12.0,18.0,13.0,0.0,0.0,1.0,0.0,0.0,0.0,10.0,0.0,2.0,2.0,1.0,"Today I am sharing some random tips on how to improve your life.
It is very important to manage your time and work hard every day. Subscribe for more videos.",62.27,0
37.0,14.8,15.2,11.0,0.0,2.0,1.0,0.0,3.0,5.405405405405405,9.25,0.0,2.0,2.0,0.0,"Secret real estate trick developers don't want you to know!
Swap instant oats for 3 whole eggs with spinach. This keeps hunger suppressed for 5 hours. Double tap if you want the 7-day meal plan!",91.08,1
28.0,11.2,18.8,10.0,1.0,0.0,0.0,0.0,0.0,0.0,7.0,0.0,2.0,2.0,0.0,"This is a flat in city center call for details.
It has nice rooms and good lighting. Hope you guys like it. Let me know what you think.",63.47,0
39.0,15.6,14.4,13.0,1.0,2.0,1.0,0.0,5.0,5.128205128205128,9.75,0.0,2.0,1.0,0.0,"Here are 3 secret AI tools that feel illegal to know in 2026!
Swap instant oats for 3 whole eggs with spinach. This keeps hunger suppressed for 5 hours. Double tap if you want the 7-day meal plan!",88.0,1
30.0,12.0,18.0,13.0,0.0,0.0,1.0,0.0,0.0,0.0,10.0,0.0,2.0,2.0,1.0,"Today I am sharing some random tips on how to improve your life.
It is very important to manage your time and work hard every day. Subscribe for more videos.",43.38,0
37.0,14.8,15.2,13.0,0.0,1.0,1.0,0.0,10.0,0.0,12.333333333333334,0.0,2.0,0.0,1.0,"The 50/30/20 budgeting rule is failing in 2026, do this instead!
Instead of 50/30/20, use 40% for essentials, 30% invested immediately, and 30% for skills. Save this reel and share with a friend!",89.8,1
28.0,11.2,18.8,10.0,1.0,0.0,0.0,0.0,0.0,0.0,7.0,0.0,2.0,2.0,0.0,"This is a flat in city center call for details.
It has nice rooms and good lighting. Hope you guys like it. Let me know what you think.",53.54,0
40.0,16.0,14.0,13.0,1.0,2.0,1.0,0.0,3.0,5.0,10.0,0.0,2.0,1.0,0.0,"Here are 3 secret AI tools that feel illegal to know in 2026!
Look at this luxury setup with modular kitchen and balcony. Located 10 mins from IT park. Comment 'HOME' below and I will DM you the direct tour!",97.08,1
27.0,10.8,19.2,9.0,0.0,0.0,0.0,0.0,0.0,0.0,6.75,0.0,2.0,2.0,0.0,"Just another day working on projects and drinking coffee.
It has nice rooms and good lighting. Hope you guys like it. Let me know what you think.",62.53,0
40.0,16.0,14.0,13.0,0.0,1.0,1.0,0.0,5.0,2.5,10.0,0.0,2.0,1.0,0.0,"The 50/30/20 budgeting rule is failing in 2026, do this instead!
Look at this luxury setup with modular kitchen and balcony. Located 10 mins from IT park. Comment 'HOME' below and I will DM you the direct tour!",80.91,1
28.0,11.2,18.8,10.0,1.0,0.0,0.0,0.0,0.0,0.0,7.0,0.0,2.0,2.0,0.0,"This is a flat in city center call for details.
It has nice rooms and good lighting. Hope you guys like it. Let me know what you think.",73.62,0
35.0,14.0,16.0,11.0,0.0,2.0,1.0,0.0,3.0,2.857142857142857,8.75,1.0,2.0,2.0,0.0,"Secret real estate trick developers don't want you to know!
Number 1 tool generates pitch decks in 30 seconds. Number 2 creates realistic AI voices. Comment 'AI' for direct links sent to your inbox!",81.23,1
28.0,11.2,18.8,10.0,0.0,0.0,1.0,0.0,0.0,0.0,7.0,0.0,2.0,2.0,0.0,"Hey friends check out this new app I downloaded yesterday.
It has nice rooms and good lighting. Hope you guys like it. Let me know what you think.",59.94,0
35.0,14.0,16.0,11.0,0.0,2.0,1.0,0.0,3.0,2.857142857142857,8.75,1.0,2.0,2.0,0.0,"Secret real estate trick developers don't want you to know!
Number 1 tool generates pitch decks in 30 seconds. Number 2 creates realistic AI voices. Comment 'AI' for direct links sent to your inbox!",85.91,1
30.0,12.0,18.0,13.0,0.0,0.0,1.0,0.0,0.0,0.0,10.0,0.0,2.0,3.0,1.0,"Today I am sharing some random tips on how to improve your life.
Thank you for watching this video. Do not forget to like and share if you enjoyed it.",40.1,0
35.0,14.0,16.0,11.0,0.0,2.0,1.0,0.0,3.0,2.857142857142857,8.75,1.0,2.0,2.0,0.0,"Secret real estate trick developers don't want you to know!
Number 1 tool generates pitch decks in 30 seconds. Number 2 creates realistic AI voices. Comment 'AI' for direct links sent to your inbox!",97.78,1
27.0,10.8,19.2,10.0,0.0,0.0,1.0,0.0,0.0,0.0,9.0,0.0,2.0,1.0,0.0,"Hey friends check out this new app I downloaded yesterday.
It is very important to manage your time and work hard every day. Subscribe for more videos.",67.15,0
40.0,16.0,14.0,13.0,0.0,1.0,1.0,0.0,2.0,5.0,10.0,0.0,2.0,2.0,1.0,"Stop scrolling if you have ₹50 Lakhs budget and want a dream home!
Look at this luxury setup with modular kitchen and balcony. Located 10 mins from IT park. Comment 'HOME' below and I will DM you the direct tour!",82.37,1
28.0,11.2,18.8,10.0,1.0,0.0,0.0,0.0,0.0,0.0,7.0,0.0,2.0,2.0,0.0,"This is a flat in city center call for details.
It has nice rooms and good lighting. Hope you guys like it. Let me know what you think.",60.02,0
37.0,14.8,15.2,13.0,0.0,1.0,1.0,0.0,4.0,2.7027027027027026,9.25,1.0,2.0,2.0,1.0,"Stop scrolling if you have ₹50 Lakhs budget and want a dream home!
Number 1 tool generates pitch decks in 30 seconds. Number 2 creates realistic AI voices. Comment 'AI' for direct links sent to your inbox!",84.78,1
30.0,12.0,18.0,13.0,0.0,0.0,1.0,0.0,0.0,0.0,10.0,0.0,2.0,3.0,1.0,"Today I am sharing some random tips on how to improve your life.
Thank you for watching this video. Do not forget to like and share if you enjoyed it.",54.31,0
40.0,16.0,14.0,13.0,0.0,1.0,1.0,0.0,2.0,5.0,10.0,0.0,2.0,2.0,1.0,"Stop scrolling if you have ₹50 Lakhs budget and want a dream home!
Look at this luxury setup with modular kitchen and balcony. Located 10 mins from IT park. Comment 'HOME' below and I will DM you the direct tour!",88.57,1
27.0,10.8,19.2,10.0,1.0,0.0,1.0,0.0,0.0,0.0,9.0,0.0,2.0,2.0,0.0,"This is a flat in city center call for details.
Thank you for watching this video. Do not forget to like and share if you enjoyed it.",60.18,0
35.0,14.0,16.0,4.0,0.0,0.0,1.0,1.0,3.0,0.0,7.0,1.0,2.0,3.0,0.0,"Eating oats every morning? You might be stopping your weight loss!
Number 1 tool generates pitch decks in 30 seconds. Number 2 creates realistic AI voices. Comment 'AI' for direct links sent to your inbox!",97.02,1
31.0,12.4,17.6,14.0,0.0,0.0,1.0,0.0,0.0,0.0,10.333333333333334,0.0,2.0,2.0,1.0,"Hello guys welcome back to my channel today we will talk about real estate.
Thank you for watching this video. Do not forget to like and share if you enjoyed it.",66.63,0
35.0,14.0,16.0,11.0,0.0,2.0,1.0,0.0,6.0,2.857142857142857,11.666666666666666,0.0,2.0,1.0,1.0,"Secret real estate trick developers don't want you to know!
Instead of 50/30/20, use 40% for essentials, 30% invested immediately, and 30% for skills. Save this reel and share with a friend!",88.24,1
32.0,12.8,17.2,14.0,0.0,0.0,0.0,0.0,0.0,0.0,8.0,0.0,2.0,2.0,1.0,"Hello guys welcome back to my channel today we will talk about real estate.
It has nice rooms and good lighting. Hope you guys like it. Let me know what you think.",73.95,0
37.0,14.8,15.2,11.0,0.0,2.0,1.0,0.0,3.0,5.405405405405405,9.25,0.0,2.0,2.0,0.0,"Secret real estate trick developers don't want you to know!
Swap instant oats for 3 whole eggs with spinach. This keeps hunger suppressed for 5 hours. Double tap if you want the 7-day meal plan!",87.67,1
31.0,12.4,17.6,14.0,0.0,0.0,1.0,0.0,0.0,0.0,10.333333333333334,0.0,2.0,1.0,1.0,"Hello guys welcome back to my channel today we will talk about real estate.
It is very important to manage your time and work hard every day. Subscribe for more videos.",64.22,0
38.0,15.2,14.8,4.0,0.0,0.0,1.0,1.0,1.0,2.631578947368421,7.6,0.0,2.0,3.0,0.0,"Eating oats every morning? You might be stopping your weight loss!
Look at this luxury setup with modular kitchen and balcony. Located 10 mins from IT park. Comment 'HOME' below and I will DM you the direct tour!",96.19,1
27.0,10.8,19.2,10.0,1.0,0.0,1.0,0.0,0.0,0.0,9.0,0.0,2.0,2.0,0.0,"This is a flat in city center call for details.
Thank you for watching this video. Do not forget to like and share if you enjoyed it.",45.04,0
37.0,14.8,15.2,13.0,1.0,2.0,1.0,0.0,8.0,2.7027027027027026,12.333333333333334,0.0,2.0,0.0,1.0,"Here are 3 secret AI tools that feel illegal to know in 2026!
Instead of 50/30/20, use 40% for essentials, 30% invested immediately, and 30% for skills. Save this reel and share with a friend!",91.24,1
27.0,10.8,19.2,10.0,0.0,0.0,1.0,0.0,0.0,0.0,9.0,0.0,2.0,2.0,0.0,"Hey friends check out this new app I downloaded yesterday.
Thank you for watching this video. Do not forget to like and share if you enjoyed it.",64.21,0
35.0,14.0,16.0,4.0,0.0,0.0,1.0,1.0,6.0,0.0,8.75,0.0,2.0,2.0,1.0,"Eating oats every morning? You might be stopping your weight loss!
Instead of 50/30/20, use 40% for essentials, 30% invested immediately, and 30% for skills. Save this reel and share with a friend!",88.17,1
27.0,10.8,19.2,10.0,0.0,0.0,1.0,0.0,0.0,0.0,9.0,0.0,2.0,1.0,0.0,"Hey friends check out this new app I downloaded yesterday.
It is very important to manage your time and work hard every day. Subscribe for more videos.",43.37,0
40.0,16.0,14.0,13.0,0.0,1.0,1.0,0.0,5.0,2.5,10.0,0.0,2.0,1.0,0.0,"The 50/30/20 budgeting rule is failing in 2026, do this instead!
Look at this luxury setup with modular kitchen and balcony. Located 10 mins from IT park. Comment 'HOME' below and I will DM you the direct tour!",95.35,1
27.0,10.8,19.2,10.0,0.0,0.0,1.0,0.0,0.0,0.0,9.0,0.0,2.0,2.0,0.0,"Hey friends check out this new app I downloaded yesterday.
Thank you for watching this video. Do not forget to like and share if you enjoyed it.",69.43,0
37.0,14.8,15.2,4.0,0.0,0.0,1.0,1.0,3.0,2.7027027027027026,7.4,0.0,2.0,3.0,0.0,"Eating oats every morning? You might be stopping your weight loss!
Swap instant oats for 3 whole eggs with spinach. This keeps hunger suppressed for 5 hours. Double tap if you want the 7-day meal plan!",95.99,1
26.0,10.4,19.6,9.0,0.0,0.0,1.0,0.0,0.0,0.0,8.666666666666666,0.0,2.0,1.0,0.0,"Just another day working on projects and drinking coffee.
It is very important to manage your time and work hard every day. Subscribe for more videos.",68.13,0
37.0,14.8,15.2,4.0,0.0,0.0,1.0,1.0,3.0,2.7027027027027026,7.4,0.0,2.0,3.0,0.0,"Eating oats every morning? You might be stopping your weight loss!
Swap instant oats for 3 whole eggs with spinach. This keeps hunger suppressed for 5 hours. Double tap if you want the 7-day meal plan!",93.13,1
27.0,10.8,19.2,10.0,1.0,0.0,1.0,0.0,0.0,0.0,9.0,0.0,2.0,1.0,0.0,"This is a flat in city center call for details.
It is very important to manage your time and work hard every day. Subscribe for more videos.",50.63,0
35.0,14.0,16.0,11.0,0.0,1.0,1.0,0.0,8.0,0.0,11.666666666666666,0.0,2.0,0.0,1.0,"90% of people make this 1 huge mistake with their resume!
Instead of 50/30/20, use 40% for essentials, 30% invested immediately, and 30% for skills. Save this reel and share with a friend!",97.16,1
27.0,10.8,19.2,9.0,0.0,0.0,0.0,0.0,0.0,0.0,6.75,0.0,2.0,2.0,0.0,"Just another day working on projects and drinking coffee.
It has nice rooms and good lighting. Hope you guys like it. Let me know what you think.",43.1,0
40.0,16.0,14.0,13.0,0.0,1.0,1.0,0.0,2.0,5.0,10.0,0.0,2.0,2.0,1.0,"Stop scrolling if you have ₹50 Lakhs budget and want a dream home!
Look at this luxury setup with modular kitchen and balcony. Located 10 mins from IT park. Comment 'HOME' below and I will DM you the direct tour!",87.77,1
28.0,11.2,18.8,10.0,1.0,0.0,0.0,0.0,0.0,0.0,7.0,0.0,2.0,2.0,0.0,"This is a flat in city center call for details.
It has nice rooms and good lighting. Hope you guys like it. Let me know what you think.",58.92,0
35.0,14.0,16.0,11.0,1.0,0.0,1.0,0.0,7.0,0.0,11.666666666666666,0.0,2.0,0.0,1.0,"How I built a Shopify brand with ₹0 in inventory costs!
Instead of 50/30/20, use 40% for essentials, 30% invested immediately, and 30% for skills. Save this reel and share with a friend!",92.06,1
26.0,10.4,19.6,9.0,0.0,0.0,1.0,0.0,0.0,0.0,8.666666666666666,0.0,2.0,1.0,0.0,"Just another day working on projects and drinking coffee.
It is very important to manage your time and work hard every day. Subscribe for more videos.",69.7,0
37.0,14.8,15.2,11.0,0.0,2.0,1.0,0.0,3.0,5.405405405405405,9.25,0.0,2.0,2.0,0.0,"Secret real estate trick developers don't want you to know!
Swap instant oats for 3 whole eggs with spinach. This keeps hunger suppressed for 5 hours. Double tap if you want the 7-day meal plan!",95.63,1
31.0,12.4,17.6,14.0,0.0,0.0,1.0,0.0,0.0,0.0,10.333333333333334,0.0,2.0,1.0,1.0,"Hello guys welcome back to my channel today we will talk about real estate.
It is very important to manage your time and work hard every day. Subscribe for more videos.",60.41,0
38.0,15.2,14.8,11.0,0.0,1.0,1.0,0.0,3.0,2.631578947368421,9.5,0.0,2.0,1.0,0.0,"90% of people make this 1 huge mistake with their resume!
Look at this luxury setup with modular kitchen and balcony. Located 10 mins from IT park. Comment 'HOME' below and I will DM you the direct tour!",90.4,1
31.0,12.4,17.6,13.0,0.0,0.0,0.0,0.0,0.0,0.0,7.75,0.0,2.0,3.0,1.0,"Today I am sharing some random tips on how to improve your life.
It has nice rooms and good lighting. Hope you guys like it. Let me know what you think.",62.33,0
40.0,16.0,14.0,13.0,1.0,2.0,1.0,0.0,3.0,5.0,10.0,0.0,2.0,1.0,0.0,"Here are 3 secret AI tools that feel illegal to know in 2026!
Look at this luxury setup with modular kitchen and balcony. Located 10 mins from IT park. Comment 'HOME' below and I will DM you the direct tour!",86.3,1
27.0,10.8,19.2,10.0,0.0,0.0,1.0,0.0,0.0,0.0,9.0,0.0,2.0,1.0,0.0,"Hey friends check out this new app I downloaded yesterday.
It is very important to manage your time and work hard every day. Subscribe for more videos.",43.91,0
35.0,14.0,16.0,11.0,0.0,1.0,1.0,0.0,5.0,0.0,8.75,1.0,2.0,1.0,0.0,"90% of people make this 1 huge mistake with their resume!
Number 1 tool generates pitch decks in 30 seconds. Number 2 creates realistic AI voices. Comment 'AI' for direct links sent to your inbox!",94.53,1
27.0,10.8,19.2,10.0,0.0,0.0,1.0,0.0,0.0,0.0,9.0,0.0,2.0,2.0,0.0,"Hey friends check out this new app I downloaded yesterday.
Thank you for watching this video. Do not forget to like and share if you enjoyed it.",60.86,0
40.0,16.0,14.0,13.0,0.0,1.0,1.0,0.0,5.0,2.5,10.0,0.0,2.0,1.0,0.0,"The 50/30/20 budgeting rule is failing in 2026, do this instead!
Look at this luxury setup with modular kitchen and balcony. Located 10 mins from IT park. Comment 'HOME' below and I will DM you the direct tour!",90.96,1
28.0,11.2,18.8,10.0,1.0,0.0,0.0,0.0,0.0,0.0,7.0,0.0,2.0,2.0,0.0,"This is a flat in city center call for details.
It has nice rooms and good lighting. Hope you guys like it. Let me know what you think.",46.13,0
37.0,14.8,15.2,13.0,0.0,1.0,1.0,0.0,10.0,0.0,12.333333333333334,0.0,2.0,0.0,1.0,"The 50/30/20 budgeting rule is failing in 2026, do this instead!
Instead of 50/30/20, use 40% for essentials, 30% invested immediately, and 30% for skills. Save this reel and share with a friend!",96.59,1
28.0,11.2,18.8,10.0,1.0,0.0,0.0,0.0,0.0,0.0,7.0,0.0,2.0,2.0,0.0,"This is a flat in city center call for details.
It has nice rooms and good lighting. Hope you guys like it. Let me know what you think.",46.17,0
39.0,15.6,14.4,13.0,1.0,2.0,1.0,0.0,5.0,5.128205128205128,9.75,0.0,2.0,1.0,0.0,"Here are 3 secret AI tools that feel illegal to know in 2026!
Swap instant oats for 3 whole eggs with spinach. This keeps hunger suppressed for 5 hours. Double tap if you want the 7-day meal plan!",81.25,1
32.0,12.8,17.2,14.0,0.0,0.0,0.0,0.0,0.0,0.0,8.0,0.0,2.0,2.0,1.0,"Hello guys welcome back to my channel today we will talk about real estate.
It has nice rooms and good lighting. Hope you guys like it. Let me know what you think.",65.37,0
39.0,15.6,14.4,13.0,1.0,2.0,1.0,0.0,5.0,5.128205128205128,9.75,0.0,2.0,1.0,0.0,"Here are 3 secret AI tools that feel illegal to know in 2026!
Swap instant oats for 3 whole eggs with spinach. This keeps hunger suppressed for 5 hours. Double tap if you want the 7-day meal plan!",87.56,1
28.0,11.2,18.8,10.0,1.0,0.0,0.0,0.0,0.0,0.0,7.0,0.0,2.0,2.0,0.0,"This is a flat in city center call for details.
It has nice rooms and good lighting. Hope you guys like it. Let me know what you think.",52.58,0
37.0,14.8,15.2,13.0,0.0,1.0,1.0,0.0,10.0,0.0,12.333333333333334,0.0,2.0,0.0,1.0,"The 50/30/20 budgeting rule is failing in 2026, do this instead!
Instead of 50/30/20, use 40% for essentials, 30% invested immediately, and 30% for skills. Save this reel and share with a friend!",93.98,1
27.0,10.8,19.2,10.0,0.0,0.0,1.0,0.0,0.0,0.0,9.0,0.0,2.0,2.0,0.0,"Hey friends check out this new app I downloaded yesterday.
Thank you for watching this video. Do not forget to like and share if you enjoyed it.",42.89,0
37.0,14.8,15.2,13.0,0.0,1.0,1.0,0.0,4.0,2.7027027027027026,9.25,1.0,2.0,2.0,1.0,"Stop scrolling if you have ₹50 Lakhs budget and want a dream home!
Number 1 tool generates pitch decks in 30 seconds. Number 2 creates realistic AI voices. Comment 'AI' for direct links sent to your inbox!",82.83,1
28.0,11.2,18.8,10.0,0.0,0.0,1.0,0.0,0.0,0.0,7.0,0.0,2.0,2.0,0.0,"Hey friends check out this new app I downloaded yesterday.
It has nice rooms and good lighting. Hope you guys like it. Let me know what you think.",62.91,0
37.0,14.8,15.2,11.0,0.0,1.0,1.0,0.0,5.0,2.7027027027027026,9.25,0.0,2.0,1.0,0.0,"90% of people make this 1 huge mistake with their resume!
Swap instant oats for 3 whole eggs with spinach. This keeps hunger suppressed for 5 hours. Double tap if you want the 7-day meal plan!",91.91,1
26.0,10.4,19.6,9.0,0.0,0.0,1.0,0.0,0.0,0.0,8.666666666666666,0.0,2.0,2.0,0.0,"Just another day working on projects and drinking coffee.
Thank you for watching this video. Do not forget to like and share if you enjoyed it.",55.03,0
35.0,14.0,16.0,11.0,0.0,1.0,1.0,0.0,5.0,0.0,8.75,1.0,2.0,1.0,0.0,"90% of people make this 1 huge mistake with their resume!
Number 1 tool generates pitch decks in 30 seconds. Number 2 creates realistic AI voices. Comment 'AI' for direct links sent to your inbox!",93.59,1
31.0,12.4,17.6,14.0,0.0,0.0,1.0,0.0,0.0,0.0,10.333333333333334,0.0,2.0,1.0,1.0,"Hello guys welcome back to my channel today we will talk about real estate.
It is very important to manage your time and work hard every day. Subscribe for more videos.",54.62,0
37.0,14.8,15.2,11.0,0.0,1.0,1.0,0.0,5.0,2.7027027027027026,9.25,0.0,2.0,1.0,0.0,"90% of people make this 1 huge mistake with their resume!
Swap instant oats for 3 whole eggs with spinach. This keeps hunger suppressed for 5 hours. Double tap if you want the 7-day meal plan!",89.48,1
28.0,11.2,18.8,10.0,1.0,0.0,0.0,0.0,0.0,0.0,7.0,0.0,2.0,2.0,0.0,"This is a flat in city center call for details.
It has nice rooms and good lighting. Hope you guys like it. Let me know what you think.",47.5,0
38.0,15.2,14.8,11.0,1.0,0.0,1.0,0.0,2.0,2.631578947368421,9.5,0.0,2.0,1.0,0.0,"How I built a Shopify brand with ₹0 in inventory costs!
Look at this luxury setup with modular kitchen and balcony. Located 10 mins from IT park. Comment 'HOME' below and I will DM you the direct tour!",80.14,1
28.0,11.2,18.8,10.0,1.0,0.0,0.0,0.0,0.0,0.0,7.0,0.0,2.0,2.0,0.0,"This is a flat in city center call for details.
It has nice rooms and good lighting. Hope you guys like it. Let me know what you think.",66.09,0
35.0,14.0,16.0,11.0,0.0,2.0,1.0,0.0,6.0,2.857142857142857,11.666666666666666,0.0,2.0,1.0,1.0,"Secret real estate trick developers don't want you to know!
Instead of 50/30/20, use 40% for essentials, 30% invested immediately, and 30% for skills. Save this reel and share with a friend!",85.21,1
32.0,12.8,17.2,14.0,0.0,0.0,0.0,0.0,0.0,0.0,8.0,0.0,2.0,2.0,1.0,"Hello guys welcome back to my channel today we will talk about real estate.
It has nice rooms and good lighting. Hope you guys like it. Let me know what you think.",56.91,0
35.0,14.0,16.0,4.0,0.0,0.0,1.0,1.0,3.0,0.0,7.0,1.0,2.0,3.0,0.0,"Eating oats every morning? You might be stopping your weight loss!
Number 1 tool generates pitch decks in 30 seconds. Number 2 creates realistic AI voices. Comment 'AI' for direct links sent to your inbox!",82.33,1
27.0,10.8,19.2,10.0,0.0,0.0,1.0,0.0,0.0,0.0,9.0,0.0,2.0,2.0,0.0,"Hey friends check out this new app I downloaded yesterday.
Thank you for watching this video. Do not forget to like and share if you enjoyed it.",47.82,0
35.0,14.0,16.0,11.0,1.0,0.0,1.0,0.0,7.0,0.0,11.666666666666666,0.0,2.0,0.0,1.0,"How I built a Shopify brand with ₹0 in inventory costs!
Instead of 50/30/20, use 40% for essentials, 30% invested immediately, and 30% for skills. Save this reel and share with a friend!",81.3,1
31.0,12.4,17.6,14.0,0.0,0.0,1.0,0.0,0.0,0.0,10.333333333333334,0.0,2.0,1.0,1.0,"Hello guys welcome back to my channel today we will talk about real estate.
It is very important to manage your time and work hard every day. Subscribe for more videos.",40.64,0
37.0,14.8,15.2,13.0,0.0,1.0,1.0,0.0,7.0,2.7027027027027026,12.333333333333334,0.0,2.0,1.0,2.0,"Stop scrolling if you have ₹50 Lakhs budget and want a dream home!
Instead of 50/30/20, use 40% for essentials, 30% invested immediately, and 30% for skills. Save this reel and share with a friend!",90.36,1
27.0,10.8,19.2,10.0,0.0,0.0,1.0,0.0,0.0,0.0,9.0,0.0,2.0,1.0,0.0,"Hey friends check out this new app I downloaded yesterday.
It is very important to manage your time and work hard every day. Subscribe for more videos.",64.12,0
35.0,14.0,16.0,4.0,0.0,0.0,1.0,1.0,6.0,0.0,8.75,0.0,2.0,2.0,1.0,"Eating oats every morning? You might be stopping your weight loss!
Instead of 50/30/20, use 40% for essentials, 30% invested immediately, and 30% for skills. Save this reel and share with a friend!",82.07,1
31.0,12.4,17.6,14.0,0.0,0.0,1.0,0.0,0.0,0.0,10.333333333333334,0.0,2.0,1.0,1.0,"Hello guys welcome back to my channel today we will talk about real estate.
It is very important to manage your time and work hard every day. Subscribe for more videos.",45.84,0
37.0,14.8,15.2,11.0,1.0,0.0,1.0,0.0,4.0,2.7027027027027026,9.25,0.0,2.0,1.0,0.0,"How I built a Shopify brand with ₹0 in inventory costs!
Swap instant oats for 3 whole eggs with spinach. This keeps hunger suppressed for 5 hours. Double tap if you want the 7-day meal plan!",94.98,1
28.0,11.2,18.8,10.0,1.0,0.0,0.0,0.0,0.0,0.0,7.0,0.0,2.0,2.0,0.0,"This is a flat in city center call for details.
It has nice rooms and good lighting. Hope you guys like it. Let me know what you think.",54.85,0
37.0,14.8,15.2,13.0,0.0,1.0,1.0,0.0,4.0,2.7027027027027026,9.25,1.0,2.0,2.0,1.0,"Stop scrolling if you have ₹50 Lakhs budget and want a dream home!
Number 1 tool generates pitch decks in 30 seconds. Number 2 creates realistic AI voices. Comment 'AI' for direct links sent to your inbox!",87.84,1
26.0,10.4,19.6,9.0,0.0,0.0,1.0,0.0,0.0,0.0,8.666666666666666,0.0,2.0,2.0,0.0,"Just another day working on projects and drinking coffee.
Thank you for watching this video. Do not forget to like and share if you enjoyed it.",42.67,0
35.0,14.0,16.0,11.0,0.0,2.0,1.0,0.0,6.0,2.857142857142857,11.666666666666666,0.0,2.0,1.0,1.0,"Secret real estate trick developers don't want you to know!
Instead of 50/30/20, use 40% for essentials, 30% invested immediately, and 30% for skills. Save this reel and share with a friend!",93.42,1
30.0,12.0,18.0,13.0,0.0,0.0,1.0,0.0,0.0,0.0,10.0,0.0,2.0,2.0,1.0,"Today I am sharing some random tips on how to improve your life.
It is very important to manage your time and work hard every day. Subscribe for more videos.",66.49,0
40.0,16.0,14.0,13.0,0.0,1.0,1.0,0.0,2.0,5.0,10.0,0.0,2.0,2.0,1.0,"Stop scrolling if you have ₹50 Lakhs budget and want a dream home!
Look at this luxury setup with modular kitchen and balcony. Located 10 mins from IT park. Comment 'HOME' below and I will DM you the direct tour!",89.55,1
30.0,12.0,18.0,13.0,0.0,0.0,1.0,0.0,0.0,0.0,10.0,0.0,2.0,2.0,1.0,"Today I am sharing some random tips on how to improve your life.
It is very important to manage your time and work hard every day. Subscribe for more videos.",51.94,0
35.0,14.0,16.0,11.0,0.0,2.0,1.0,0.0,3.0,2.857142857142857,8.75,1.0,2.0,2.0,0.0,"Secret real estate trick developers don't want you to know!
Number 1 tool generates pitch decks in 30 seconds. Number 2 creates realistic AI voices. Comment 'AI' for direct links sent to your inbox!",84.25,1
30.0,12.0,18.0,13.0,0.0,0.0,1.0,0.0,0.0,0.0,10.0,0.0,2.0,2.0,1.0,"Today I am sharing some random tips on how to improve your life.
It is very important to manage your time and work hard every day. Subscribe for more videos.",46.71,0
35.0,14.0,16.0,11.0,1.0,0.0,1.0,0.0,4.0,0.0,8.75,1.0,2.0,1.0,0.0,"How I built a Shopify brand with ₹0 in inventory costs!
Number 1 tool generates pitch decks in 30 seconds. Number 2 creates realistic AI voices. Comment 'AI' for direct links sent to your inbox!",93.68,1
32.0,12.8,17.2,14.0,0.0,0.0,0.0,0.0,0.0,0.0,8.0,0.0,2.0,2.0,1.0,"Hello guys welcome back to my channel today we will talk about real estate.
It has nice rooms and good lighting. Hope you guys like it. Let me know what you think.",72.34,0
39.0,15.6,14.4,13.0,0.0,1.0,1.0,0.0,7.0,2.564102564102564,9.75,0.0,2.0,1.0,0.0,"The 50/30/20 budgeting rule is failing in 2026, do this instead!
Swap instant oats for 3 whole eggs with spinach. This keeps hunger suppressed for 5 hours. Double tap if you want the 7-day meal plan!",88.35,1
27.0,10.8,19.2,10.0,0.0,0.0,1.0,0.0,0.0,0.0,9.0,0.0,2.0,2.0,0.0,"Hey friends check out this new app I downloaded yesterday.
Thank you for watching this video. Do not forget to like and share if you enjoyed it.",55.26,0
35.0,14.0,16.0,11.0,1.0,0.0,1.0,0.0,7.0,0.0,11.666666666666666,0.0,2.0,0.0,1.0,"How I built a Shopify brand with ₹0 in inventory costs!
Instead of 50/30/20, use 40% for essentials, 30% invested immediately, and 30% for skills. Save this reel and share with a friend!",95.56,1
28.0,11.2,18.8,10.0,1.0,0.0,0.0,0.0,0.0,0.0,7.0,0.0,2.0,2.0,0.0,"This is a flat in city center call for details.
It has nice rooms and good lighting. Hope you guys like it. Let me know what you think.",54.95,0
37.0,14.8,15.2,4.0,0.0,0.0,1.0,1.0,3.0,2.7027027027027026,7.4,0.0,2.0,3.0,0.0,"Eating oats every morning? You might be stopping your weight loss!
Swap instant oats for 3 whole eggs with spinach. This keeps hunger suppressed for 5 hours. Double tap if you want the 7-day meal plan!",91.36,1
27.0,10.8,19.2,10.0,1.0,0.0,1.0,0.0,0.0,0.0,9.0,0.0,2.0,2.0,0.0,"This is a flat in city center call for details.
Thank you for watching this video. Do not forget to like and share if you enjoyed it.",41.91,0
38.0,15.2,14.8,11.0,1.0,0.0,1.0,0.0,2.0,2.631578947368421,9.5,0.0,2.0,1.0,0.0,"How I built a Shopify brand with ₹0 in inventory costs!
Look at this luxury setup with modular kitchen and balcony. Located 10 mins from IT park. Comment 'HOME' below and I will DM you the direct tour!",85.59,1
27.0,10.8,19.2,9.0,0.0,0.0,0.0,0.0,0.0,0.0,6.75,0.0,2.0,2.0,0.0,"Just another day working on projects and drinking coffee.
It has nice rooms and good lighting. Hope you guys like it. Let me know what you think.",41.93,0
35.0,14.0,16.0,11.0,0.0,2.0,1.0,0.0,6.0,2.857142857142857,11.666666666666666,0.0,2.0,1.0,1.0,"Secret real estate trick developers don't want you to know!
Instead of 50/30/20, use 40% for essentials, 30% invested immediately, and 30% for skills. Save this reel and share with a friend!",81.38,1
31.0,12.4,17.6,14.0,0.0,0.0,1.0,0.0,0.0,0.0,10.333333333333334,0.0,2.0,2.0,1.0,"Hello guys welcome back to my channel today we will talk about real estate.
Thank you for watching this video. Do not forget to like and share if you enjoyed it.",60.2,0
37.0,14.8,15.2,4.0,0.0,0.0,1.0,1.0,3.0,2.7027027027027026,7.4,0.0,2.0,3.0,0.0,"Eating oats every morning? You might be stopping your weight loss!
Swap instant oats for 3 whole eggs with spinach. This keeps hunger suppressed for 5 hours. Double tap if you want the 7-day meal plan!",90.45,1
31.0,12.4,17.6,14.0,0.0,0.0,1.0,0.0,0.0,0.0,10.333333333333334,0.0,2.0,1.0,1.0,"Hello guys welcome back to my channel today we will talk about real estate.
It is very important to manage your time and work hard every day. Subscribe for more videos.",70.91,0
35.0,14.0,16.0,11.0,1.0,0.0,1.0,0.0,4.0,0.0,8.75,1.0,2.0,1.0,0.0,"How I built a Shopify brand with ₹0 in inventory costs!
Number 1 tool generates pitch decks in 30 seconds. Number 2 creates realistic AI voices. Comment 'AI' for direct links sent to your inbox!",85.79,1
26.0,10.4,19.6,9.0,0.0,0.0,1.0,0.0,0.0,0.0,8.666666666666666,0.0,2.0,2.0,0.0,"Just another day working on projects and drinking coffee.
Thank you for watching this video. Do not forget to like and share if you enjoyed it.",45.13,0
39.0,15.6,14.4,13.0,0.0,1.0,1.0,0.0,4.0,5.128205128205128,9.75,0.0,2.0,2.0,1.0,"Stop scrolling if you have ₹50 Lakhs budget and want a dream home!
Swap instant oats for 3 whole eggs with spinach. This keeps hunger suppressed for 5 hours. Double tap if you want the 7-day meal plan!",81.86,1
27.0,10.8,19.2,10.0,1.0,0.0,1.0,0.0,0.0,0.0,9.0,0.0,2.0,2.0,0.0,"This is a flat in city center call for details.
Thank you for watching this video. Do not forget to like and share if you enjoyed it.",42.87,0
37.0,14.8,15.2,13.0,0.0,1.0,1.0,0.0,7.0,0.0,9.25,1.0,2.0,1.0,0.0,"The 50/30/20 budgeting rule is failing in 2026, do this instead!
Number 1 tool generates pitch decks in 30 seconds. Number 2 creates realistic AI voices. Comment 'AI' for direct links sent to your inbox!",80.7,1
26.0,10.4,19.6,9.0,0.0,0.0,1.0,0.0,0.0,0.0,8.666666666666666,0.0,2.0,1.0,0.0,"Just another day working on projects and drinking coffee.
It is very important to manage your time and work hard every day. Subscribe for more videos.",57.82,0
35.0,14.0,16.0,11.0,1.0,0.0,1.0,0.0,4.0,0.0,8.75,1.0,2.0,1.0,0.0,"How I built a Shopify brand with ₹0 in inventory costs!
Number 1 tool generates pitch decks in 30 seconds. Number 2 creates realistic AI voices. Comment 'AI' for direct links sent to your inbox!",86.55,1
27.0,10.8,19.2,10.0,1.0,0.0,1.0,0.0,0.0,0.0,9.0,0.0,2.0,1.0,0.0,"This is a flat in city center call for details.
It is very important to manage your time and work hard every day. Subscribe for more videos.",53.9,0
38.0,15.2,14.8,11.0,0.0,1.0,1.0,0.0,3.0,2.631578947368421,9.5,0.0,2.0,1.0,0.0,"90% of people make this 1 huge mistake with their resume!
Look at this luxury setup with modular kitchen and balcony. Located 10 mins from IT park. Comment 'HOME' below and I will DM you the direct tour!",94.21,1
28.0,11.2,18.8,10.0,1.0,0.0,0.0,0.0,0.0,0.0,7.0,0.0,2.0,2.0,0.0,"This is a flat in city center call for details.
It has nice rooms and good lighting. Hope you guys like it. Let me know what you think.",51.21,0
37.0,14.8,15.2,11.0,1.0,0.0,1.0,0.0,4.0,2.7027027027027026,9.25,0.0,2.0,1.0,0.0,"How I built a Shopify brand with ₹0 in inventory costs!
Swap instant oats for 3 whole eggs with spinach. This keeps hunger suppressed for 5 hours. Double tap if you want the 7-day meal plan!",85.11,1
28.0,11.2,18.8,10.0,0.0,0.0,1.0,0.0,0.0,0.0,7.0,0.0,2.0,2.0,0.0,"Hey friends check out this new app I downloaded yesterday.
It has nice rooms and good lighting. Hope you guys like it. Let me know what you think.",51.33,0
35.0,14.0,16.0,11.0,1.0,0.0,1.0,0.0,4.0,0.0,8.75,1.0,2.0,1.0,0.0,"How I built a Shopify brand with ₹0 in inventory costs!
Number 1 tool generates pitch decks in 30 seconds. Number 2 creates realistic AI voices. Comment 'AI' for direct links sent to your inbox!",96.5,1
27.0,10.8,19.2,10.0,1.0,0.0,1.0,0.0,0.0,0.0,9.0,0.0,2.0,2.0,0.0,"This is a flat in city center call for details.
Thank you for watching this video. Do not forget to like and share if you enjoyed it.",63.75,0
35.0,14.0,16.0,4.0,0.0,0.0,1.0,1.0,3.0,0.0,7.0,1.0,2.0,3.0,0.0,"Eating oats every morning? You might be stopping your weight loss!
Number 1 tool generates pitch decks in 30 seconds. Number 2 creates realistic AI voices. Comment 'AI' for direct links sent to your inbox!",90.71,1
31.0,12.4,17.6,14.0,0.0,0.0,1.0,0.0,0.0,0.0,10.333333333333334,0.0,2.0,1.0,1.0,"Hello guys welcome back to my channel today we will talk about real estate.
It is very important to manage your time and work hard every day. Subscribe for more videos.",59.0,0
37.0,14.8,15.2,13.0,0.0,1.0,1.0,0.0,10.0,0.0,12.333333333333334,0.0,2.0,0.0,1.0,"The 50/30/20 budgeting rule is failing in 2026, do this instead!
Instead of 50/30/20, use 40% for essentials, 30% invested immediately, and 30% for skills. Save this reel and share with a friend!",94.64,1
28.0,11.2,18.8,10.0,0.0,0.0,1.0,0.0,0.0,0.0,7.0,0.0,2.0,2.0,0.0,"Hey friends check out this new app I downloaded yesterday.
It has nice rooms and good lighting. Hope you guys like it. Let me know what you think.",61.96,0
35.0,14.0,16.0,4.0,0.0,0.0,1.0,1.0,6.0,0.0,8.75,0.0,2.0,2.0,1.0,"Eating oats every morning? You might be stopping your weight loss!
Instead of 50/30/20, use 40% for essentials, 30% invested immediately, and 30% for skills. Save this reel and share with a friend!",80.33,1
28.0,11.2,18.8,10.0,1.0,0.0,0.0,0.0,0.0,0.0,7.0,0.0,2.0,2.0,0.0,"This is a flat in city center call for details.
It has nice rooms and good lighting. Hope you guys like it. Let me know what you think.",72.34,0
37.0,14.8,15.2,11.0,0.0,1.0,1.0,0.0,5.0,2.7027027027027026,9.25,0.0,2.0,1.0,0.0,"90% of people make this 1 huge mistake with their resume!
Swap instant oats for 3 whole eggs with spinach. This keeps hunger suppressed for 5 hours. Double tap if you want the 7-day meal plan!",83.46,1
31.0,12.4,17.6,13.0,0.0,0.0,0.0,0.0,0.0,0.0,7.75,0.0,2.0,3.0,1.0,"Today I am sharing some random tips on how to improve your life.
It has nice rooms and good lighting. Hope you guys like it. Let me know what you think.",42.62,0
38.0,15.2,14.8,11.0,0.0,2.0,1.0,0.0,1.0,5.263157894736842,9.5,0.0,2.0,2.0,0.0,"Secret real estate trick developers don't want you to know!
Look at this luxury setup with modular kitchen and balcony. Located 10 mins from IT park. Comment 'HOME' below and I will DM you the direct tour!",89.14,1
27.0,10.8,19.2,10.0,0.0,0.0,1.0,0.0,0.0,0.0,9.0,0.0,2.0,2.0,0.0,"Hey friends check out this new app I downloaded yesterday.
Thank you for watching this video. Do not forget to like and share if you enjoyed it.",70.05,0
37.0,14.8,15.2,13.0,0.0,1.0,1.0,0.0,7.0,2.7027027027027026,12.333333333333334,0.0,2.0,1.0,2.0,"Stop scrolling if you have ₹50 Lakhs budget and want a dream home!
Instead of 50/30/20, use 40% for essentials, 30% invested immediately, and 30% for skills. Save this reel and share with a friend!",95.78,1
28.0,11.2,18.8,10.0,0.0,0.0,1.0,0.0,0.0,0.0,7.0,0.0,2.0,2.0,0.0,"Hey friends check out this new app I downloaded yesterday.
It has nice rooms and good lighting. Hope you guys like it. Let me know what you think.",60.31,0
37.0,14.8,15.2,13.0,1.0,2.0,1.0,0.0,5.0,2.7027027027027026,9.25,1.0,2.0,1.0,0.0,"Here are 3 secret AI tools that feel illegal to know in 2026!
Number 1 tool generates pitch decks in 30 seconds. Number 2 creates realistic AI voices. Comment 'AI' for direct links sent to your inbox!",83.26,1
28.0,11.2,18.8,10.0,0.0,0.0,1.0,0.0,0.0,0.0,7.0,0.0,2.0,2.0,0.0,"Hey friends check out this new app I downloaded yesterday.
It has nice rooms and good lighting. Hope you guys like it. Let me know what you think.",64.52,0
39.0,15.6,14.4,13.0,0.0,1.0,1.0,0.0,4.0,5.128205128205128,9.75,0.0,2.0,2.0,1.0,"Stop scrolling if you have ₹50 Lakhs budget and want a dream home!
Swap instant oats for 3 whole eggs with spinach. This keeps hunger suppressed for 5 hours. Double tap if you want the 7-day meal plan!",86.56,1
30.0,12.0,18.0,13.0,0.0,0.0,1.0,0.0,0.0,0.0,10.0,0.0,2.0,2.0,1.0,"Today I am sharing some random tips on how to improve your life.
It is very important to manage your time and work hard every day. Subscribe for more videos.",60.76,0
37.0,14.8,15.2,11.0,0.0,2.0,1.0,0.0,3.0,5.405405405405405,9.25,0.0,2.0,2.0,0.0,"Secret real estate trick developers don't want you to know!
Swap instant oats for 3 whole eggs with spinach. This keeps hunger suppressed for 5 hours. Double tap if you want the 7-day meal plan!",84.21,1
30.0,12.0,18.0,13.0,0.0,0.0,1.0,0.0,0.0,0.0,10.0,0.0,2.0,2.0,1.0,"Today I am sharing some random tips on how to improve your life.
It is very important to manage your time and work hard every day. Subscribe for more videos.",72.83,0
37.0,14.8,15.2,11.0,0.0,2.0,1.0,0.0,3.0,5.405405405405405,9.25,0.0,2.0,2.0,0.0,"Secret real estate trick developers don't want you to know!
Swap instant oats for 3 whole eggs with spinach. This keeps hunger suppressed for 5 hours. Double tap if you want the 7-day meal plan!",96.27,1
30.0,12.0,18.0,13.0,0.0,0.0,1.0,0.0,0.0,0.0,10.0,0.0,2.0,2.0,1.0,"Today I am sharing some random tips on how to improve your life.
It is very important to manage your time and work hard every day. Subscribe for more videos.",63.06,0
37.0,14.8,15.2,11.0,1.0,0.0,1.0,0.0,4.0,2.7027027027027026,9.25,0.0,2.0,1.0,0.0,"How I built a Shopify brand with ₹0 in inventory costs!
Swap instant oats for 3 whole eggs with spinach. This keeps hunger suppressed for 5 hours. Double tap if you want the 7-day meal plan!",88.31,1
27.0,10.8,19.2,10.0,1.0,0.0,1.0,0.0,0.0,0.0,9.0,0.0,2.0,1.0,0.0,"This is a flat in city center call for details.
It is very important to manage your time and work hard every day. Subscribe for more videos.",57.1,0
35.0,14.0,16.0,4.0,0.0,0.0,1.0,1.0,3.0,0.0,7.0,1.0,2.0,3.0,0.0,"Eating oats every morning? You might be stopping your weight loss!
Number 1 tool generates pitch decks in 30 seconds. Number 2 creates realistic AI voices. Comment 'AI' for direct links sent to your inbox!",94.7,1
28.0,11.2,18.8,10.0,0.0,0.0,1.0,0.0,0.0,0.0,7.0,0.0,2.0,2.0,0.0,"Hey friends check out this new app I downloaded yesterday.
It has nice rooms and good lighting. Hope you guys like it. Let me know what you think.",69.68,0
39.0,15.6,14.4,13.0,0.0,1.0,1.0,0.0,4.0,5.128205128205128,9.75,0.0,2.0,2.0,1.0,"Stop scrolling if you have ₹50 Lakhs budget and want a dream home!
Swap instant oats for 3 whole eggs with spinach. This keeps hunger suppressed for 5 hours. Double tap if you want the 7-day meal plan!",95.73,1
28.0,11.2,18.8,10.0,0.0,0.0,1.0,0.0,0.0,0.0,7.0,0.0,2.0,2.0,0.0,"Hey friends check out this new app I downloaded yesterday.
It has nice rooms and good lighting. Hope you guys like it. Let me know what you think.",64.19,0
38.0,15.2,14.8,11.0,1.0,0.0,1.0,0.0,2.0,2.631578947368421,9.5,0.0,2.0,1.0,0.0,"How I built a Shopify brand with ₹0 in inventory costs!
Look at this luxury setup with modular kitchen and balcony. Located 10 mins from IT park. Comment 'HOME' below and I will DM you the direct tour!",85.13,1
30.0,12.0,18.0,13.0,0.0,0.0,1.0,0.0,0.0,0.0,10.0,0.0,2.0,2.0,1.0,"Today I am sharing some random tips on how to improve your life.
It is very important to manage your time and work hard every day. Subscribe for more videos.",55.28,0
35.0,14.0,16.0,11.0,1.0,0.0,1.0,0.0,4.0,0.0,8.75,1.0,2.0,1.0,0.0,"How I built a Shopify brand with ₹0 in inventory costs!
Number 1 tool generates pitch decks in 30 seconds. Number 2 creates realistic AI voices. Comment 'AI' for direct links sent to your inbox!",94.96,1
32.0,12.8,17.2,14.0,0.0,0.0,0.0,0.0,0.0,0.0,8.0,0.0,2.0,2.0,1.0,"Hello guys welcome back to my channel today we will talk about real estate.
It has nice rooms and good lighting. Hope you guys like it. Let me know what you think.",67.77,0
38.0,15.2,14.8,11.0,0.0,1.0,1.0,0.0,3.0,2.631578947368421,9.5,0.0,2.0,1.0,0.0,"90% of people make this 1 huge mistake with their resume!
Look at this luxury setup with modular kitchen and balcony. Located 10 mins from IT park. Comment 'HOME' below and I will DM you the direct tour!",87.47,1
26.0,10.4,19.6,9.0,0.0,0.0,1.0,0.0,0.0,0.0,8.666666666666666,0.0,2.0,2.0,0.0,"Just another day working on projects and drinking coffee.
Thank you for watching this video. Do not forget to like and share if you enjoyed it.",52.71,0
38.0,15.2,14.8,4.0,0.0,0.0,1.0,1.0,1.0,2.631578947368421,7.6,0.0,2.0,3.0,0.0,"Eating oats every morning? You might be stopping your weight loss!
Look at this luxury setup with modular kitchen and balcony. Located 10 mins from IT park. Comment 'HOME' below and I will DM you the direct tour!",86.75,1
31.0,12.4,17.6,14.0,0.0,0.0,1.0,0.0,0.0,0.0,10.333333333333334,0.0,2.0,1.0,1.0,"Hello guys welcome back to my channel today we will talk about real estate.
It is very important to manage your time and work hard every day. Subscribe for more videos.",71.65,0
35.0,14.0,16.0,11.0,0.0,2.0,1.0,0.0,6.0,2.857142857142857,11.666666666666666,0.0,2.0,1.0,1.0,"Secret real estate trick developers don't want you to know!
Instead of 50/30/20, use 40% for essentials, 30% invested immediately, and 30% for skills. Save this reel and share with a friend!",94.24,1
31.0,12.4,17.6,13.0,0.0,0.0,0.0,0.0,0.0,0.0,7.75,0.0,2.0,3.0,1.0,"Today I am sharing some random tips on how to improve your life.
It has nice rooms and good lighting. Hope you guys like it. Let me know what you think.",49.75,0
37.0,14.8,15.2,11.0,0.0,2.0,1.0,0.0,3.0,5.405405405405405,9.25,0.0,2.0,2.0,0.0,"Secret real estate trick developers don't want you to know!
Swap instant oats for 3 whole eggs with spinach. This keeps hunger suppressed for 5 hours. Double tap if you want the 7-day meal plan!",92.53,1
30.0,12.0,18.0,13.0,0.0,0.0,1.0,0.0,0.0,0.0,10.0,0.0,2.0,3.0,1.0,"Today I am sharing some random tips on how to improve your life.
Thank you for watching this video. Do not forget to like and share if you enjoyed it.",55.95,0
38.0,15.2,14.8,11.0,1.0,0.0,1.0,0.0,2.0,2.631578947368421,9.5,0.0,2.0,1.0,0.0,"How I built a Shopify brand with ₹0 in inventory costs!
Look at this luxury setup with modular kitchen and balcony. Located 10 mins from IT park. Comment 'HOME' below and I will DM you the direct tour!",96.31,1
31.0,12.4,17.6,14.0,0.0,0.0,1.0,0.0,0.0,0.0,10.333333333333334,0.0,2.0,1.0,1.0,"Hello guys welcome back to my channel today we will talk about real estate.
It is very important to manage your time and work hard every day. Subscribe for more videos.",47.33,0
39.0,15.6,14.4,13.0,1.0,2.0,1.0,0.0,5.0,5.128205128205128,9.75,0.0,2.0,1.0,0.0,"Here are 3 secret AI tools that feel illegal to know in 2026!
Swap instant oats for 3 whole eggs with spinach. This keeps hunger suppressed for 5 hours. Double tap if you want the 7-day meal plan!",82.0,1
28.0,11.2,18.8,10.0,1.0,0.0,0.0,0.0,0.0,0.0,7.0,0.0,2.0,2.0,0.0,"This is a flat in city center call for details.
It has nice rooms and good lighting. Hope you guys like it. Let me know what you think.",50.24,0
37.0,14.8,15.2,13.0,0.0,1.0,1.0,0.0,4.0,2.7027027027027026,9.25,1.0,2.0,2.0,1.0,"Stop scrolling if you have ₹50 Lakhs budget and want a dream home!
Number 1 tool generates pitch decks in 30 seconds. Number 2 creates realistic AI voices. Comment 'AI' for direct links sent to your inbox!",87.56,1
27.0,10.8,19.2,10.0,0.0,0.0,1.0,0.0,0.0,0.0,9.0,0.0,2.0,1.0,0.0,"Hey friends check out this new app I downloaded yesterday.
It is very important to manage your time and work hard every day. Subscribe for more videos.",42.14,0
37.0,14.8,15.2,11.0,0.0,2.0,1.0,0.0,3.0,5.405405405405405,9.25,0.0,2.0,2.0,0.0,"Secret real estate trick developers don't want you to know!
Swap instant oats for 3 whole eggs with spinach. This keeps hunger suppressed for 5 hours. Double tap if you want the 7-day meal plan!",90.74,1
31.0,12.4,17.6,14.0,0.0,0.0,1.0,0.0,0.0,0.0,10.333333333333334,0.0,2.0,2.0,1.0,"Hello guys welcome back to my channel today we will talk about real estate.
Thank you for watching this video. Do not forget to like and share if you enjoyed it.",57.52,0
37.0,14.8,15.2,13.0,1.0,2.0,1.0,0.0,5.0,2.7027027027027026,9.25,1.0,2.0,1.0,0.0,"Here are 3 secret AI tools that feel illegal to know in 2026!
Number 1 tool generates pitch decks in 30 seconds. Number 2 creates realistic AI voices. Comment 'AI' for direct links sent to your inbox!",85.24,1
31.0,12.4,17.6,14.0,0.0,0.0,1.0,0.0,0.0,0.0,10.333333333333334,0.0,2.0,2.0,1.0,"Hello guys welcome back to my channel today we will talk about real estate.
Thank you for watching this video. Do not forget to like and share if you enjoyed it.",52.0,0
37.0,14.8,15.2,11.0,1.0,0.0,1.0,0.0,4.0,2.7027027027027026,9.25,0.0,2.0,1.0,0.0,"How I built a Shopify brand with ₹0 in inventory costs!
Swap instant oats for 3 whole eggs with spinach. This keeps hunger suppressed for 5 hours. Double tap if you want the 7-day meal plan!",83.37,1
31.0,12.4,17.6,14.0,0.0,0.0,1.0,0.0,0.0,0.0,10.333333333333334,0.0,2.0,2.0,1.0,"Hello guys welcome back to my channel today we will talk about real estate.
Thank you for watching this video. Do not forget to like and share if you enjoyed it.",73.14,0
40.0,16.0,14.0,13.0,0.0,1.0,1.0,0.0,2.0,5.0,10.0,0.0,2.0,2.0,1.0,"Stop scrolling if you have ₹50 Lakhs budget and want a dream home!
Look at this luxury setup with modular kitchen and balcony. Located 10 mins from IT park. Comment 'HOME' below and I will DM you the direct tour!",87.03,1
27.0,10.8,19.2,9.0,0.0,0.0,0.0,0.0,0.0,0.0,6.75,0.0,2.0,2.0,0.0,"Just another day working on projects and drinking coffee.
It has nice rooms and good lighting. Hope you guys like it. Let me know what you think.",61.61,0
35.0,14.0,16.0,11.0,0.0,1.0,1.0,0.0,8.0,0.0,11.666666666666666,0.0,2.0,0.0,1.0,"90% of people make this 1 huge mistake with their resume!
Instead of 50/30/20, use 40% for essentials, 30% invested immediately, and 30% for skills. Save this reel and share with a friend!",93.45,1
28.0,11.2,18.8,10.0,1.0,0.0,0.0,0.0,0.0,0.0,7.0,0.0,2.0,2.0,0.0,"This is a flat in city center call for details.
It has nice rooms and good lighting. Hope you guys like it. Let me know what you think.",51.72,0
40.0,16.0,14.0,13.0,0.0,1.0,1.0,0.0,5.0,2.5,10.0,0.0,2.0,1.0,0.0,"The 50/30/20 budgeting rule is failing in 2026, do this instead!
Look at this luxury setup with modular kitchen and balcony. Located 10 mins from IT park. Comment 'HOME' below and I will DM you the direct tour!",93.89,1
28.0,11.2,18.8,10.0,1.0,0.0,0.0,0.0,0.0,0.0,7.0,0.0,2.0,2.0,0.0,"This is a flat in city center call for details.
It has nice rooms and good lighting. Hope you guys like it. Let me know what you think.",41.51,0
35.0,14.0,16.0,11.0,1.0,0.0,1.0,0.0,7.0,0.0,11.666666666666666,0.0,2.0,0.0,1.0,"How I built a Shopify brand with ₹0 in inventory costs!
Instead of 50/30/20, use 40% for essentials, 30% invested immediately, and 30% for skills. Save this reel and share with a friend!",94.64,1
30.0,12.0,18.0,13.0,0.0,0.0,1.0,0.0,0.0,0.0,10.0,0.0,2.0,3.0,1.0,"Today I am sharing some random tips on how to improve your life.
Thank you for watching this video. Do not forget to like and share if you enjoyed it.",55.8,0
39.0,15.6,14.4,13.0,0.0,1.0,1.0,0.0,7.0,2.564102564102564,9.75,0.0,2.0,1.0,0.0,"The 50/30/20 budgeting rule is failing in 2026, do this instead!
Swap instant oats for 3 whole eggs with spinach. This keeps hunger suppressed for 5 hours. Double tap if you want the 7-day meal plan!",91.37,1
31.0,12.4,17.6,13.0,0.0,0.0,0.0,0.0,0.0,0.0,7.75,0.0,2.0,3.0,1.0,"Today I am sharing some random tips on how to improve your life.
It has nice rooms and good lighting. Hope you guys like it. Let me know what you think.",64.35,0
38.0,15.2,14.8,4.0,0.0,0.0,1.0,1.0,1.0,2.631578947368421,7.6,0.0,2.0,3.0,0.0,"Eating oats every morning? You might be stopping your weight loss!
Look at this luxury setup with modular kitchen and balcony. Located 10 mins from IT park. Comment 'HOME' below and I will DM you the direct tour!",85.28,1
32.0,12.8,17.2,14.0,0.0,0.0,0.0,0.0,0.0,0.0,8.0,0.0,2.0,2.0,1.0,"Hello guys welcome back to my channel today we will talk about real estate.
It has nice rooms and good lighting. Hope you guys like it. Let me know what you think.",70.12,0
35.0,14.0,16.0,11.0,0.0,1.0,1.0,0.0,8.0,0.0,11.666666666666666,0.0,2.0,0.0,1.0,"90% of people make this 1 huge mistake with their resume!
Instead of 50/30/20, use 40% for essentials, 30% invested immediately, and 30% for skills. Save this reel and share with a friend!",89.28,1
27.0,10.8,19.2,10.0,0.0,0.0,1.0,0.0,0.0,0.0,9.0,0.0,2.0,1.0,0.0,"Hey friends check out this new app I downloaded yesterday.
It is very important to manage your time and work hard every day. Subscribe for more videos.",48.61,0
35.0,14.0,16.0,11.0,0.0,2.0,1.0,0.0,3.0,2.857142857142857,8.75,1.0,2.0,2.0,0.0,"Secret real estate trick developers don't want you to know!
Number 1 tool generates pitch decks in 30 seconds. Number 2 creates realistic AI voices. Comment 'AI' for direct links sent to your inbox!",85.15,1
31.0,12.4,17.6,14.0,0.0,0.0,1.0,0.0,0.0,0.0,10.333333333333334,0.0,2.0,2.0,1.0,"Hello guys welcome back to my channel today we will talk about real estate.
Thank you for watching this video. Do not forget to like and share if you enjoyed it.",51.29,0
37.0,14.8,15.2,13.0,0.0,1.0,1.0,0.0,7.0,2.7027027027027026,12.333333333333334,0.0,2.0,1.0,2.0,"Stop scrolling if you have ₹50 Lakhs budget and want a dream home!
Instead of 50/30/20, use 40% for essentials, 30% invested immediately, and 30% for skills. Save this reel and share with a friend!",87.87,1
26.0,10.4,19.6,9.0,0.0,0.0,1.0,0.0,0.0,0.0,8.666666666666666,0.0,2.0,2.0,0.0,"Just another day working on projects and drinking coffee.
Thank you for watching this video. Do not forget to like and share if you enjoyed it.",54.95,0
35.0,14.0,16.0,4.0,0.0,0.0,1.0,1.0,6.0,0.0,8.75,0.0,2.0,2.0,1.0,"Eating oats every morning? You might be stopping your weight loss!
Instead of 50/30/20, use 40% for essentials, 30% invested immediately, and 30% for skills. Save this reel and share with a friend!",97.53,1
26.0,10.4,19.6,9.0,0.0,0.0,1.0,0.0,0.0,0.0,8.666666666666666,0.0,2.0,2.0,0.0,"Just another day working on projects and drinking coffee.
Thank you for watching this video. Do not forget to like and share if you enjoyed it.",56.92,0
35.0,14.0,16.0,11.0,0.0,2.0,1.0,0.0,6.0,2.857142857142857,11.666666666666666,0.0,2.0,1.0,1.0,"Secret real estate trick developers don't want you to know!
Instead of 50/30/20, use 40% for essentials, 30% invested immediately, and 30% for skills. Save this reel and share with a friend!",94.42,1
27.0,10.8,19.2,9.0,0.0,0.0,0.0,0.0,0.0,0.0,6.75,0.0,2.0,2.0,0.0,"Just another day working on projects and drinking coffee.
It has nice rooms and good lighting. Hope you guys like it. Let me know what you think.",54.64,0
35.0,14.0,16.0,11.0,0.0,2.0,1.0,0.0,3.0,2.857142857142857,8.75,1.0,2.0,2.0,0.0,"Secret real estate trick developers don't want you to know!
Number 1 tool generates pitch decks in 30 seconds. Number 2 creates realistic AI voices. Comment 'AI' for direct links sent to your inbox!",89.82,1
28.0,11.2,18.8,10.0,1.0,0.0,0.0,0.0,0.0,0.0,7.0,0.0,2.0,2.0,0.0,"This is a flat in city center call for details.
It has nice rooms and good lighting. Hope you guys like it. Let me know what you think.",42.72,0
37.0,14.8,15.2,13.0,0.0,1.0,1.0,0.0,10.0,0.0,12.333333333333334,0.0,2.0,0.0,1.0,"The 50/30/20 budgeting rule is failing in 2026, do this instead!
Instead of 50/30/20, use 40% for essentials, 30% invested immediately, and 30% for skills. Save this reel and share with a friend!",85.52,1
27.0,10.8,19.2,10.0,0.0,0.0,1.0,0.0,0.0,0.0,9.0,0.0,2.0,2.0,0.0,"Hey friends check out this new app I downloaded yesterday.
Thank you for watching this video. Do not forget to like and share if you enjoyed it.",54.49,0
39.0,15.6,14.4,13.0,0.0,1.0,1.0,0.0,7.0,2.564102564102564,9.75,0.0,2.0,1.0,0.0,"The 50/30/20 budgeting rule is failing in 2026, do this instead!
Swap instant oats for 3 whole eggs with spinach. This keeps hunger suppressed for 5 hours. Double tap if you want the 7-day meal plan!",86.33,1
31.0,12.4,17.6,14.0,0.0,0.0,1.0,0.0,0.0,0.0,10.333333333333334,0.0,2.0,2.0,1.0,"Hello guys welcome back to my channel today we will talk about real estate.
Thank you for watching this video. Do not forget to like and share if you enjoyed it.",69.58,0
37.0,14.8,15.2,11.0,0.0,1.0,1.0,0.0,5.0,2.7027027027027026,9.25,0.0,2.0,1.0,0.0,"90% of people make this 1 huge mistake with their resume!
Swap instant oats for 3 whole eggs with spinach. This keeps hunger suppressed for 5 hours. Double tap if you want the 7-day meal plan!",84.94,1
32.0,12.8,17.2,14.0,0.0,0.0,0.0,0.0,0.0,0.0,8.0,0.0,2.0,2.0,1.0,"Hello guys welcome back to my channel today we will talk about real estate.
It has nice rooms and good lighting. Hope you guys like it. Let me know what you think.",62.82,0
35.0,14.0,16.0,4.0,0.0,0.0,1.0,1.0,6.0,0.0,8.75,0.0,2.0,2.0,1.0,"Eating oats every morning? You might be stopping your weight loss!
Instead of 50/30/20, use 40% for essentials, 30% invested immediately, and 30% for skills. Save this reel and share with a friend!",89.24,1
31.0,12.4,17.6,13.0,0.0,0.0,0.0,0.0,0.0,0.0,7.75,0.0,2.0,3.0,1.0,"Today I am sharing some random tips on how to improve your life.
It has nice rooms and good lighting. Hope you guys like it. Let me know what you think.",44.85,0
37.0,14.8,15.2,11.0,1.0,0.0,1.0,0.0,4.0,2.7027027027027026,9.25,0.0,2.0,1.0,0.0,"How I built a Shopify brand with ₹0 in inventory costs!
Swap instant oats for 3 whole eggs with spinach. This keeps hunger suppressed for 5 hours. Double tap if you want the 7-day meal plan!",80.63,1
32.0,12.8,17.2,14.0,0.0,0.0,0.0,0.0,0.0,0.0,8.0,0.0,2.0,2.0,1.0,"Hello guys welcome back to my channel today we will talk about real estate.
It has nice rooms and good lighting. Hope you guys like it. Let me know what you think.",66.47,0
35.0,14.0,16.0,11.0,0.0,1.0,1.0,0.0,8.0,0.0,11.666666666666666,0.0,2.0,0.0,1.0,"90% of people make this 1 huge mistake with their resume!
Instead of 50/30/20, use 40% for essentials, 30% invested immediately, and 30% for skills. Save this reel and share with a friend!",86.89,1
28.0,11.2,18.8,10.0,0.0,0.0,1.0,0.0,0.0,0.0,7.0,0.0,2.0,2.0,0.0,"Hey friends check out this new app I downloaded yesterday.
It has nice rooms and good lighting. Hope you guys like it. Let me know what you think.",60.57,0
39.0,15.6,14.4,13.0,0.0,1.0,1.0,0.0,7.0,2.564102564102564,9.75,0.0,2.0,1.0,0.0,"The 50/30/20 budgeting rule is failing in 2026, do this instead!
Swap instant oats for 3 whole eggs with spinach. This keeps hunger suppressed for 5 hours. Double tap if you want the 7-day meal plan!",97.08,1
27.0,10.8,19.2,10.0,1.0,0.0,1.0,0.0,0.0,0.0,9.0,0.0,2.0,1.0,0.0,"This is a flat in city center call for details.
It is very important to manage your time and work hard every day. Subscribe for more videos.",65.94,0
35.0,14.0,16.0,11.0,1.0,0.0,1.0,0.0,4.0,0.0,8.75,1.0,2.0,1.0,0.0,"How I built a Shopify brand with ₹0 in inventory costs!
Number 1 tool generates pitch decks in 30 seconds. Number 2 creates realistic AI voices. Comment 'AI' for direct links sent to your inbox!",89.53,1
26.0,10.4,19.6,9.0,0.0,0.0,1.0,0.0,0.0,0.0,8.666666666666666,0.0,2.0,1.0,0.0,"Just another day working on projects and drinking coffee.
It is very important to manage your time and work hard every day. Subscribe for more videos.",62.09,0
40.0,16.0,14.0,13.0,1.0,2.0,1.0,0.0,3.0,5.0,10.0,0.0,2.0,1.0,0.0,"Here are 3 secret AI tools that feel illegal to know in 2026!
Look at this luxury setup with modular kitchen and balcony. Located 10 mins from IT park. Comment 'HOME' below and I will DM you the direct tour!",80.47,1
30.0,12.0,18.0,13.0,0.0,0.0,1.0,0.0,0.0,0.0,10.0,0.0,2.0,2.0,1.0,"Today I am sharing some random tips on how to improve your life.
It is very important to manage your time and work hard every day. Subscribe for more videos.",57.6,0
38.0,15.2,14.8,11.0,1.0,0.0,1.0,0.0,2.0,2.631578947368421,9.5,0.0,2.0,1.0,0.0,"How I built a Shopify brand with ₹0 in inventory costs!
Look at this luxury setup with modular kitchen and balcony. Located 10 mins from IT park. Comment 'HOME' below and I will DM you the direct tour!",84.71,1
27.0,10.8,19.2,10.0,1.0,0.0,1.0,0.0,0.0,0.0,9.0,0.0,2.0,2.0,0.0,"This is a flat in city center call for details.
Thank you for watching this video. Do not forget to like and share if you enjoyed it.",55.17,0
